match_week,date,home_team,away_team,home_team_label,away_team_label,result,home_goals,away_goals,home_win_form,home_draw_form,home_loss_form,away_win_form,away_draw_form,away_loss_form,home_position,away_position,home_points,away_points,position_gap,points_gap,h2h_home_wins,h2h_draws,h2h_away_wins,home_avg_h2h_goals,away_avg_h2h_goals,home_team_goals_for,home_team_goals_against,home_team_goal_diff,away_team_goals_for,away_team_goals_against,away_team_goal_diff
1,2025/08/15,Liverpool,Bournemouth,25,7,H,4.0,2.0,0.0,0.0,0.0,0.0,0.0,0.0,12.0,3.0,0.0,0.0,9.0,0.0,0.0,0.0,0.0,0.0,0.0,0.0,0.0,0.0,0.0,0.0,0.0
1,2025/08/16,Aston Villa,Newcastle,1,30,D,0.0,0.0,0.0,0.0,0.0,0.0,0.0,0.0,2.0,15.0,0.0,0.0,13.0,0.0,0.0,0.0,0.0,0.0,0.0,0.0,0.0,0.0,0.0,0.0,0.0
1,2025/08/16,Brighton,Fulham,10,19,D,1.0,1.0,0.0,0.0,0.0,0.0,0.0,0.0,5.0,10.0,0.0,0.0,5.0,0.0,0.0,0.0,0.0,0.0,0.0,0.0,0.0,0.0,0.0,0.0,0.0
1,2025/08/16,Sunderland,West Ham,40,45,H,3.0,0.0,0.0,0.0,0.0,0.0,0.0,0.0,17.0,19.0,0.0,0.0,2.0,0.0,0.0,0.0,0.0,0.0,0.0,0.0,0.0,0.0,0.0,0.0,0.0
1,2025/08/16,Tottenham,Burnley,42,11,H,3.0,0.0,0.0,0.0,0.0,0.0,0.0,0.0,18.0,6.0,0.0,0.0,12.0,0.0,0.0,0.0,0.0,0.0,0.0,0.0,0.0,0.0,0.0,0.0,0.0
1,2025/08/16,Wolves,Man City,48,27,A,0.0,4.0,0.0,0.0,0.0,0.0,0.0,0.0,20.0,13.0,0.0,0.0,7.0,0.0,0.0,0.0,0.0,0.0,0.0,0.0,0.0,0.0,0.0,0.0,0.0
1,2025/08/17,Chelsea,Crystal Palace,14,16,D,0.0,0.0,0.0,0.0,0.0,0.0,0.0,0.0,7.0,8.0,0.0,0.0,1.0,0.0,0.0,0.0,0.0,0.0,0.0,0.0,0.0,0.0,0.0,0.0,0.0
1,2025/08/17,Nott'm Forest,Brentford,32,9,H,3.0,1.0,0.0,0.0,0.0,0.0,0.0,0.0,16.0,4.0,0.0,0.0,12.0,0.0,0.0,0.0,0.0,0.0,0.0,0.0,0.0,0.0,0.0,0.0,0.0
1,2025/08/17,Man United,Arsenal,28,0,A,0.0,1.0,0.0,0.0,0.0,0.0,0.0,0.0,14.0,1.0,0.0,0.0,13.0,0.0,0.0,0.0,0.0,0.0,0.0,0.0,0.0,0.0,0.0,0.0,0.0
1,2025/08/18,Leeds,Everton,23,18,H,1.0,0.0,0.0,0.0,0.0,0.0,0.0,0.0,11.0,9.0,0.0,0.0,2.0,0.0,0.0,0.0,0.0,0.0,0.0,0.0,0.0,0.0,0.0,0.0,0.0
2,2025/08/22,West Ham,Chelsea,45,14,A,1.0,5.0,0.0,0.0,1.0,0.0,1.0,0.0,19.0,11.0,0.0,1.0,8.0,1.0,0.0,0.0,0.0,0.0,0.0,0.0,3.0,-3.0,0.0,0.0,0.0
2,2025/08/23,Man City,Tottenham,27,42,A,0.0,2.0,1.0,0.0,0.0,1.0,0.0,0.0,1.0,3.0,3.0,3.0,2.0,0.0,0.0,0.0,0.0,0.0,0.0,4.0,0.0,4.0,3.0,0.0,3.0
2,2025/08/23,Bournemouth,Wolves,7,48,H,1.0,0.0,0.0,0.0,1.0,0.0,0.0,1.0,16.0,20.0,0.0,0.0,4.0,0.0,0.0,0.0,0.0,0.0,0.0,2.0,4.0,-2.0,0.0,4.0,-4.0
2,2025/08/23,Brentford,Aston Villa,9,1,H,1.0,0.0,0.0,0.0,1.0,0.0,1.0,0.0,17.0,10.0,0.0,1.0,7.0,1.0,0.0,0.0,0.0,0.0,0.0,1.0,3.0,-2.0,0.0,0.0,0.0
2,2025/08/23,Burnley,Sunderland,11,40,H,2.0,0.0,0.0,0.0,1.0,1.0,0.0,0.0,18.0,2.0,0.0,3.0,16.0,3.0,0.0,0.0,0.0,0.0,0.0,0.0,3.0,-3.0,3.0,0.0,3.0
2,2025/08/23,Arsenal,Leeds,0,23,H,5.0,0.0,1.0,0.0,0.0,1.0,0.0,0.0,6.0,7.0,3.0,3.0,1.0,0.0,0.0,0.0,0.0,0.0,0.0,1.0,0.0,1.0,1.0,0.0,1.0
2,2025/08/24,Crystal Palace,Nott'm Forest,16,32,D,1.0,1.0,0.0,1.0,0.0,1.0,0.0,0.0,12.0,5.0,1.0,3.0,7.0,2.0,0.0,0.0,0.0,0.0,0.0,0.0,0.0,0.0,3.0,1.0,2.0
2,2025/08/24,Everton,Brighton,18,10,H,2.0,0.0,0.0,0.0,1.0,0.0,1.0,0.0,14.0,8.0,0.0,1.0,6.0,1.0,0.0,0.0,0.0,0.0,0.0,0.0,1.0,-1.0,1.0,1.0,0.0
2,2025/08/24,Fulham,Man United,19,28,D,1.0,1.0,0.0,1.0,0.0,0.0,0.0,1.0,9.0,15.0,1.0,0.0,6.0,1.0,0.0,0.0,0.0,0.0,0.0,1.0,1.0,0.0,0.0,1.0,-1.0
2,2025/08/25,Newcastle,Liverpool,30,25,A,2.0,3.0,0.0,1.0,0.0,1.0,0.0,0.0,13.0,4.0,1.0,3.0,9.0,2.0,0.0,0.0,0.0,0.0,0.0,0.0,0.0,0.0,4.0,2.0,2.0
3,2025/08/30,Chelsea,Fulham,14,19,H,2.0,0.0,1.0,1.0,0.0,0.0,2.0,0.0,4.0,13.0,4.0,2.0,9.0,2.0,0.0,0.0,0.0,0.0,0.0,5.0,1.0,4.0,2.0,2.0,0.0
3,2025/08/30,Man United,Burnley,28,11,H,3.0,2.0,0.0,1.0,1.0,1.0,0.0,1.0,16.0,11.0,1.0,3.0,5.0,2.0,0.0,0.0,0.0,0.0,0.0,1.0,2.0,-1.0,2.0,3.0,-1.0
3,2025/08/30,Sunderland,Brentford,40,9,H,2.0,1.0,1.0,0.0,1.0,1.0,0.0,1.0,7.0,10.0,3.0,3.0,3.0,0.0,0.0,0.0,0.0,0.0,0.0,3.0,2.0,1.0,2.0,3.0,-1.0
3,2025/08/30,Tottenham,Bournemouth,42,7,A,0.0,1.0,2.0,0.0,0.0,1.0,0.0,1.0,2.0,9.0,6.0,3.0,7.0,3.0,0.0,0.0,0.0,0.0,0.0,5.0,0.0,5.0,3.0,4.0,-1.0
3,2025/08/30,Wolves,Everton,48,18,A,2.0,3.0,0.0,0.0,2.0,1.0,0.0,1.0,19.0,8.0,0.0,3.0,11.0,3.0,0.0,0.0,0.0,0.0,0.0,0.0,5.0,-5.0,2.0,1.0,1.0
3,2025/08/30,Leeds,Newcastle,23,30,D,0.0,0.0,1.0,0.0,1.0,0.0,1.0,1.0,12.0,15.0,3.0,1.0,3.0,2.0,0.0,0.0,0.0,0.0,0.0,1.0,5.0,-4.0,2.0,3.0,-1.0
3,2025/08/31,Brighton,Man City,10,27,H,2.0,1.0,0.0,1.0,1.0,1.0,0.0,1.0,18.0,6.0,1.0,3.0,12.0,2.0,0.0,0.0,0.0,0.0,0.0,1.0,3.0,-2.0,4.0,2.0,2.0
3,2025/08/31,Nott'm Forest,West Ham,32,45,A,0.0,3.0,1.0,1.0,0.0,0.0,0.0,2.0,5.0,20.0,4.0,0.0,15.0,4.0,0.0,0.0,0.0,0.0,0.0,4.0,2.0,2.0,1.0,8.0,-7.0
3,2025/08/31,Liverpool,Arsenal,25,0,H,1.0,0.0,2.0,0.0,0.0,2.0,0.0,0.0,3.0,1.0,6.0,6.0,2.0,0.0,0.0,0.0,0.0,0.0,0.0,7.0,4.0,3.0,6.0,0.0,6.0
3,2025/08/31,Aston Villa,Crystal Palace,1,16,A,0.0,3.0,0.0,1.0,1.0,0.0,2.0,0.0,17.0,14.0,1.0,2.0,3.0,1.0,0.0,0.0,0.0,0.0,0.0,0.0,1.0,-1.0,1.0,1.0,0.0
4,2025/09/13,Arsenal,Nott'm Forest,0,32,H,3.0,0.0,2.0,0.0,1.0,1.0,1.0,1.0,3.0,10.0,6.0,4.0,7.0,2.0,0.0,0.0,0.0,0.0,0.0,6.0,1.0,5.0,4.0,5.0,-1.0
4,2025/09/13,Bournemouth,Brighton,7,10,H,2.0,1.0,2.0,0.0,1.0,1.0,1.0,1.0,7.0,11.0,6.0,4.0,4.0,2.0,0.0,0.0,0.0,0.0,0.0,4.0,4.0,0.0,3.0,4.0,-1.0
4,2025/09/13,Crystal Palace,Sunderland,16,40,D,0.0,0.0,1.0,2.0,0.0,2.0,0.0,1.0,8.0,6.0,5.0,6.0,2.0,1.0,0.0,0.0,0.0,0.0,0.0,4.0,1.0,3.0,5.0,3.0,2.0
4,2025/09/13,Everton,Aston Villa,18,1,D,0.0,0.0,2.0,0.0,1.0,0.0,1.0,2.0,5.0,19.0,6.0,1.0,14.0,5.0,0.0,0.0,0.0,0.0,0.0,5.0,3.0,2.0,0.0,4.0,-4.0
4,2025/09/13,Fulham,Leeds,19,23,H,1.0,0.0,0.0,2.0,1.0,1.0,1.0,1.0,18.0,12.0,2.0,4.0,6.0,2.0,0.0,0.0,0.0,0.0,0.0,2.0,4.0,-2.0,1.0,5.0,-4.0
4,2025/09/13,Newcastle,Wolves,30,48,H,1.0,0.0,0.0,2.0,1.0,0.0,0.0,3.0,17.0,20.0,2.0,0.0,3.0,2.0,0.0,0.0,0.0,0.0,0.0,2.0,3.0,-1.0,2.0,8.0,-6.0
4,2025/09/13,West Ham,Tottenham,45,42,A,0.0,3.0,1.0,0.0,2.0,2.0,0.0,1.0,16.0,4.0,3.0,6.0,12.0,3.0,0.0,0.0,0.0,0.0,0.0,4.0,8.0,-4.0,5.0,1.0,4.0
4,2025/09/13,Brentford,Chelsea,9,14,D,2.0,2.0,1.0,0.0,2.0,2.0,1.0,0.0,15.0,2.0,3.0,7.0,13.0,4.0,0.0,0.0,0.0,0.0,0.0,3.0,5.0,-2.0,7.0,1.0,6.0
4,2025/09/14,Burnley,Liverpool,11,25,A,0.0,1.0,1.0,0.0,2.0,3.0,0.0,0.0,14.0,1.0,3.0,9.0,13.0,6.0,0.0,0.0,0.0,0.0,0.0,4.0,6.0,-2.0,8.0,4.0,4.0
4,2025/09/14,Man City,Man United,27,28,H,3.0,0.0,1.0,0.0,2.0,1.0,1.0,1.0,13.0,9.0,3.0,4.0,4.0,1.0,0.0,0.0,0.0,0.0,0.0,5.0,4.0,1.0,4.0,4.0,0.0
5,2025/09/20,Liverpool,Everton,25,18,H,2.0,1.0,4.0,0.0,0.0,2.0,1.0,1.0,1.0,6.0,12.0,7.0,5.0,5.0,0.0,0.0,0.0,0.0,0.0,9.0,4.0,5.0,5.0,3.0,2.0
5,2025/09/20,Bournemouth,Newcastle,7,30,D,0.0,0.0,3.0,0.0,1.0,1.0,2.0,1.0,4.0,10.0,9.0,5.0,6.0,4.0,0.0,0.0,0.0,0.0,0.0,6.0,5.0,1.0,3.0,3.0,0.0
5,2025/09/20,Brighton,Tottenham,10,42,D,2.0,2.0,1.0,1.0,2.0,3.0,0.0,1.0,13.0,3.0,4.0,9.0,10.0,5.0,0.0,0.0,0.0,0.0,0.0,4.0,6.0,-2.0,8.0,1.0,7.0
5,2025/09/20,Burnley,Nott'm Forest,11,32,D,1.0,1.0,1.0,0.0,3.0,1.0,1.0,2.0,17.0,15.0,3.0,4.0,2.0,1.0,0.0,0.0,0.0,0.0,0.0,4.0,7.0,-3.0,4.0,8.0,-4.0
5,2025/09/20,West Ham,Crystal Palace,45,16,A,1.0,2.0,1.0,0.0,3.0,1.0,3.0,0.0,18.0,9.0,3.0,6.0,9.0,3.0,0.0,0.0,0.0,0.0,0.0,4.0,11.0,-7.0,4.0,1.0,3.0
5,2025/09/20,Wolves,Leeds,48,23,A,1.0,3.0,0.0,0.0,4.0,1.0,1.0,2.0,20.0,16.0,0.0,4.0,4.0,4.0,0.0,0.0,0.0,0.0,0.0,2.0,9.0,-7.0,1.0,6.0,-5.0
5,2025/09/20,Man United,Chelsea,28,14,H,2.0,1.0,1.0,1.0,2.0,2.0,2.0,0.0,14.0,5.0,4.0,8.0,9.0,4.0,0.0,0.0,0.0,0.0,0.0,4.0,7.0,-3.0,9.0,3.0,6.0
5,2025/09/20,Fulham,Brentford,19,9,H,3.0,1.0,1.0,2.0,1.0,1.0,1.0,2.0,11.0,12.0,5.0,4.0,1.0,1.0,0.0,0.0,0.0,0.0,0.0,3.0,4.0,-1.0,5.0,7.0,-2.0
5,2025/09/21,Sunderland,Aston Villa,40,1,D,1.0,1.0,2.0,1.0,1.0,0.0,2.0,2.0,7.0,19.0,7.0,2.0,12.0,5.0,0.0,0.0,0.0,0.0,0.0,5.0,3.0,2.0,0.0,4.0,-4.0
5,2025/09/21,Arsenal,Man City,0,27,D,1.0,1.0,3.0,0.0,1.0,2.0,0.0,2.0,2.0,8.0,9.0,6.0,6.0,3.0,0.0,0.0,0.0,0.0,0.0,9.0,1.0,8.0,8.0,4.0,4.0
6,2025/09/27,Brentford,Man United,9,28,H,3.0,1.0,1.0,1.0,3.0,2.0,1.0,2.0,17.0,11.0,4.0,7.0,6.0,3.0,0.0,0.0,0.0,0.0,0.0,6.0,10.0,-4.0,6.0,8.0,-2.0
6,2025/09/27,Aston Villa,Fulham,1,19,H,3.0,1.0,0.0,3.0,2.0,2.0,2.0,1.0,18.0,8.0,3.0,8.0,10.0,5.0,0.0,0.0,0.0,0.0,0.0,1.0,5.0,-4.0,6.0,5.0,1.0
6,2025/09/27,Chelsea,Brighton,14,10,A,1.0,3.0,2.0,2.0,1.0,1.0,2.0,2.0,6.0,14.0,8.0,5.0,8.0,3.0,0.0,0.0,0.0,0.0,0.0,10.0,5.0,5.0,6.0,8.0,-2.0
6,2025/09/27,Crystal Palace,Liverpool,16,25,H,2.0,1.0,2.0,3.0,0.0,5.0,0.0,0.0,5.0,1.0,9.0,15.0,4.0,6.0,0.0,0.0,0.0,0.0,0.0,6.0,2.0,4.0,11.0,5.0,6.0
6,2025/09/27,Leeds,Bournemouth,23,7,D,2.0,2.0,2.0,1.0,2.0,3.0,1.0,1.0,12.0,4.0,7.0,10.0,8.0,3.0,0.0,0.0,0.0,0.0,0.0,4.0,7.0,-3.0,6.0,5.0,1.0
6,2025/09/27,Man City,Burnley,27,11,H,5.0,1.0,2.0,1.0,2.0,1.0,1.0,3.0,9.0,16.0,7.0,4.0,7.0,3.0,0.0,0.0,0.0,0.0,0.0,9.0,5.0,4.0,5.0,8.0,-3.0
6,2025/09/27,Nott'm Forest,Sunderland,32,40,A,0.0,1.0,1.0,2.0,2.0,2.0,2.0,1.0,15.0,7.0,5.0,8.0,8.0,3.0,0.0,0.0,0.0,0.0,0.0,5.0,9.0,-4.0,6.0,4.0,2.0
6,2025/09/27,Tottenham,Wolves,42,48,D,1.0,1.0,3.0,1.0,1.0,0.0,0.0,5.0,3.0,20.0,10.0,0.0,17.0,10.0,0.0,0.0,0.0,0.0,0.0,10.0,3.0,7.0,3.0,12.0,-9.0
6,2025/09/27,Newcastle,Arsenal,30,0,A,1.0,2.0,1.0,3.0,1.0,3.0,1.0,1.0,13.0,2.0,6.0,10.0,11.0,4.0,0.0,0.0,0.0,0.0,0.0,3.0,3.0,0.0,10.0,2.0,8.0
6,2025/09/28,Everton,West Ham,18,45,D,1.0,1.0,2.0,1.0,2.0,1.0,0.0,4.0,10.0,19.0,7.0,3.0,9.0,4.0,0.0,0.0,0.0,0.0,0.0,6.0,5.0,1.0,5.0,13.0,-8.0
7,2025/10/04,Bournemouth,Fulham,7,19,H,3.0,1.0,3.0,2.0,0.0,2.0,1.0,2.0,6.0,11.0,11.0,8.0,5.0,3.0,0.0,0.0,0.0,0.0,0.0,8.0,7.0,1.0,7.0,8.0,-1.0
7,2025/10/04,Arsenal,West Ham,0,45,H,2.0,0.0,3.0,1.0,1.0,1.0,1.0,3.0,2.0,19.0,13.0,4.0,17.0,9.0,0.0,0.0,0.0,0.0,0.0,12.0,3.0,9.0,6.0,14.0,-8.0
7,2025/10/04,Aston Villa,Burnley,1,11,H,2.0,1.0,1.0,2.0,2.0,1.0,1.0,3.0,16.0,18.0,6.0,4.0,2.0,2.0,0.0,0.0,0.0,0.0,0.0,4.0,6.0,-2.0,6.0,13.0,-7.0
7,2025/10/04,Brentford,Man City,9,27,A,0.0,1.0,2.0,1.0,2.0,2.0,1.0,2.0,13.0,7.0,7.0,10.0,6.0,3.0,0.0,0.0,0.0,0.0,0.0,9.0,11.0,-2.0,14.0,6.0,8.0
7,2025/10/04,Chelsea,Liverpool,14,25,H,2.0,1.0,2.0,1.0,2.0,4.0,0.0,1.0,8.0,1.0,8.0,15.0,7.0,7.0,0.0,0.0,0.0,0.0,0.0,11.0,8.0,3.0,12.0,7.0,5.0
7,2025/10/04,Everton,Crystal Palace,18,16,H,2.0,1.0,2.0,2.0,1.0,3.0,2.0,0.0,9.0,3.0,8.0,12.0,6.0,4.0,0.0,0.0,0.0,0.0,0.0,7.0,6.0,1.0,8.0,3.0,5.0
7,2025/10/04,Leeds,Tottenham,23,42,A,1.0,2.0,1.0,2.0,2.0,2.0,2.0,1.0,12.0,4.0,8.0,11.0,8.0,3.0,0.0,0.0,0.0,0.0,0.0,6.0,9.0,-3.0,11.0,4.0,7.0
7,2025/10/04,Man United,Sunderland,28,40,H,2.0,0.0,2.0,1.0,2.0,2.0,2.0,1.0,14.0,5.0,7.0,11.0,9.0,4.0,0.0,0.0,0.0,0.0,0.0,7.0,11.0,-4.0,7.0,4.0,3.0
7,2025/10/04,Newcastle,Nott'm Forest,30,32,H,2.0,0.0,1.0,2.0,2.0,0.0,2.0,3.0,15.0,17.0,6.0,5.0,2.0,1.0,0.0,0.0,0.0,0.0,0.0,4.0,5.0,-1.0,5.0,10.0,-5.0
7,2025/10/04,Wolves,Brighton,48,10,D,1.0,1.0,0.0,1.0,4.0,2.0,1.0,2.0,20.0,10.0,1.0,8.0,10.0,7.0,0.0,0.0,0.0,0.0,0.0,4.0,13.0,-9.0,9.0,9.0,0.0
8,2025/10/18,Brighton,Newcastle,10,30,H,2.0,1.0,2.0,2.0,1.0,2.0,2.0,1.0,12.0,11.0,9.0,9.0,1.0,0.0,0.0,0.0,0.0,0.0,0.0,10.0,10.0,0.0,6.0,5.0,1.0
8,2025/10/18,Burnley,Leeds,11,23,H,2.0,0.0,0.0,1.0,4.0,1.0,2.0,2.0,18.0,15.0,4.0,8.0,3.0,4.0,0.0,0.0,0.0,0.0,0.0,7.0,15.0,-8.0,7.0,11.0,-4.0
8,2025/10/18,Crystal Palace,Bournemouth,16,7,D,3.0,3.0,3.0,1.0,1.0,3.0,2.0,0.0,6.0,4.0,12.0,14.0,2.0,2.0,0.0,0.0,0.0,0.0,0.0,9.0,5.0,4.0,11.0,8.0,3.0
8,2025/10/18,Fulham,Arsenal,19,0,A,0.0,1.0,2.0,0.0,3.0,3.0,1.0,1.0,14.0,1.0,8.0,16.0,13.0,8.0,0.0,0.0,0.0,0.0,0.0,8.0,11.0,-3.0,14.0,3.0,11.0
8,2025/10/18,Liverpool,Man United,25,28,A,1.0,2.0,3.0,0.0,2.0,3.0,0.0,2.0,2.0,10.0,15.0,10.0,8.0,5.0,0.0,0.0,0.0,0.0,0.0,13.0,9.0,4.0,9.0,11.0,-2.0
8,2025/10/18,Man City,Everton,27,18,H,2.0,0.0,3.0,1.0,1.0,2.0,2.0,1.0,5.0,8.0,13.0,11.0,3.0,2.0,0.0,0.0,0.0,0.0,0.0,15.0,6.0,9.0,9.0,7.0,2.0
8,2025/10/18,Nott'm Forest,Chelsea,32,14,A,0.0,3.0,0.0,1.0,4.0,2.0,1.0,2.0,17.0,7.0,5.0,11.0,10.0,6.0,0.0,0.0,0.0,0.0,0.0,5.0,12.0,-7.0,13.0,9.0,4.0
8,2025/10/18,Sunderland,Wolves,40,48,H,2.0,0.0,2.0,2.0,1.0,0.0,2.0,3.0,9.0,20.0,11.0,2.0,11.0,9.0,0.0,0.0,0.0,0.0,0.0,7.0,6.0,1.0,5.0,14.0,-9.0
8,2025/10/18,Tottenham,Aston Villa,42,1,A,1.0,2.0,2.0,2.0,1.0,2.0,2.0,1.0,3.0,13.0,14.0,9.0,10.0,5.0,0.0,0.0,0.0,0.0,0.0,13.0,5.0,8.0,6.0,7.0,-1.0
8,2025/10/18,West Ham,Brentford,45,9,A,0.0,2.0,1.0,1.0,3.0,1.0,1.0,3.0,19.0,16.0,4.0,7.0,3.0,3.0,0.0,0.0,0.0,0.0,0.0,6.0,16.0,-10.0,9.0,12.0,-3.0
9,2025/10/25,Bournemouth,Nott'm Forest,7,32,D,3.0,3.0,2.0,3.0,0.0,0.0,1.0,4.0,3.0,18.0,15.0,5.0,15.0,10.0,0.0,0.0,0.0,0.0,0.0,14.0,11.0,3.0,5.0,15.0,-10.0
9,2025/10/25,Arsenal,Crystal Palace,0,16,H,1.0,0.0,4.0,1.0,0.0,2.0,2.0,1.0,1.0,8.0,19.0,13.0,7.0,6.0,0.0,0.0,0.0,0.0,0.0,15.0,3.0,12.0,12.0,8.0,4.0
9,2025/10/25,Aston Villa,Man City,1,27,H,1.0,0.0,3.0,2.0,0.0,4.0,1.0,0.0,11.0,2.0,12.0,16.0,9.0,4.0,0.0,0.0,0.0,0.0,0.0,8.0,8.0,0.0,17.0,6.0,11.0
9,2025/10/25,Brentford,Liverpool,9,25,H,3.0,2.0,2.0,1.0,2.0,2.0,0.0,3.0,13.0,4.0,10.0,15.0,9.0,5.0,0.0,0.0,0.0,0.0,0.0,11.0,12.0,-1.0,14.0,11.0,3.0
9,2025/10/25,Chelsea,Sunderland,14,40,A,1.0,2.0,2.0,1.0,2.0,2.0,2.0,1.0,5.0,7.0,14.0,14.0,2.0,0.0,0.0,0.0,0.0,0.0,0.0,16.0,9.0,7.0,9.0,6.0,3.0
9,2025/10/25,Everton,Tottenham,18,42,A,0.0,3.0,1.0,2.0,2.0,2.0,2.0,1.0,12.0,6.0,11.0,14.0,6.0,3.0,0.0,0.0,0.0,0.0,0.0,9.0,9.0,0.0,14.0,7.0,7.0
9,2025/10/25,Leeds,West Ham,23,45,H,2.0,1.0,1.0,1.0,3.0,0.0,1.0,4.0,16.0,19.0,8.0,4.0,3.0,4.0,0.0,0.0,0.0,0.0,0.0,7.0,13.0,-6.0,6.0,18.0,-12.0
9,2025/10/25,Man United,Brighton,28,10,H,4.0,2.0,3.0,0.0,2.0,2.0,2.0,1.0,9.0,10.0,13.0,12.0,1.0,1.0,0.0,0.0,0.0,0.0,0.0,11.0,12.0,-1.0,12.0,11.0,1.0
9,2025/10/25,Newcastle,Fulham,30,19,H,2.0,1.0,2.0,1.0,2.0,2.0,0.0,3.0,14.0,15.0,9.0,8.0,1.0,1.0,0.0,0.0,0.0,0.0,0.0,7.0,7.0,0.0,8.0,12.0,-4.0
9,2025/10/25,Wolves,Burnley,48,11,A,2.0,3.0,0.0,2.0,3.0,1.0,1.0,3.0,20.0,17.0,2.0,7.0,3.0,5.0,0.0,0.0,0.0,0.0,0.0,5.0,16.0,-11.0,9.0,15.0,-6.0
10,2025/11/01,Brighton,Leeds,10,23,H,3.0,0.0,2.0,2.0,1.0,2.0,1.0,2.0,13.0,15.0,12.0,11.0,2.0,1.0,0.0,0.0,0.0,0.0,0.0,14.0,15.0,-1.0,9.0,14.0,-5.0
10,2025/11/01,Burnley,Arsenal,11,0,A,0.0,2.0,2.0,1.0,2.0,4.0,1.0,0.0,16.0,1.0,10.0,22.0,15.0,12.0,0.0,0.0,0.0,0.0,0.0,12.0,17.0,-5.0,16.0,3.0,13.0
10,2025/11/01,Crystal Palace,Brentford,16,9,H,2.0,0.0,2.0,1.0,2.0,3.0,0.0,2.0,10.0,11.0,13.0,13.0,1.0,0.0,0.0,0.0,0.0,0.0,0.0,12.0,9.0,3.0,14.0,14.0,0.0
10,2025/11/01,Fulham,Wolves,19,48,H,3.0,0.0,1.0,0.0,4.0,0.0,2.0,3.0,17.0,20.0,8.0,2.0,3.0,6.0,0.0,0.0,0.0,0.0,0.0,9.0,14.0,-5.0,7.0,19.0,-12.0
10,2025/11/01,Liverpool,Aston Villa,25,1,H,2.0,0.0,1.0,0.0,4.0,4.0,1.0,0.0,7.0,8.0,15.0,15.0,1.0,0.0,0.0,0.0,0.0,0.0,0.0,16.0,14.0,2.0,9.0,8.0,1.0
10,2025/11/01,Man City,Bournemouth,27,7,H,3.0,1.0,3.0,1.0,1.0,1.0,4.0,0.0,4.0,5.0,16.0,16.0,1.0,0.0,0.0,0.0,0.0,0.0,0.0,17.0,7.0,10.0,17.0,14.0,3.0
10,2025/11/01,Nott'm Forest,Man United,32,28,D,2.0,2.0,0.0,2.0,3.0,4.0,0.0,1.0,18.0,6.0,6.0,16.0,12.0,10.0,0.0,0.0,0.0,0.0,0.0,8.0,18.0,-10.0,15.0,14.0,1.0
10,2025/11/01,Sunderland,Everton,40,18,D,1.0,1.0,3.0,1.0,1.0,1.0,1.0,3.0,3.0,14.0,17.0,11.0,11.0,6.0,0.0,0.0,0.0,0.0,0.0,11.0,7.0,4.0,9.0,12.0,-3.0
10,2025/11/01,Tottenham,Chelsea,42,14,A,0.0,1.0,2.0,2.0,1.0,2.0,0.0,3.0,2.0,9.0,17.0,14.0,7.0,3.0,0.0,0.0,0.0,0.0,0.0,17.0,7.0,10.0,17.0,11.0,6.0
10,2025/11/01,West Ham,Newcastle,45,30,H,3.0,1.0,0.0,1.0,4.0,2.0,1.0,2.0,19.0,12.0,4.0,12.0,7.0,8.0,0.0,0.0,0.0,0.0,0.0,7.0,20.0,-13.0,9.0,8.0,1.0
11,2025/11/08,Aston Villa,Bournemouth,1,7,H,4.0,0.0,4.0,0.0,1.0,1.0,3.0,1.0,11.0,9.0,15.0,16.0,2.0,1.0,0.0,0.0,0.0,0.0,0.0,9.0,10.0,-1.0,18.0,17.0,1.0
11,2025/11/08,Brentford,Newcastle,9,30,H,3.0,1.0,3.0,0.0,2.0,2.0,0.0,3.0,12.0,13.0,13.0,12.0,1.0,1.0,0.0,0.0,0.0,0.0,0.0,14.0,16.0,-2.0,10.0,11.0,-1.0
11,2025/11/08,Chelsea,Wolves,14,48,H,3.0,0.0,3.0,0.0,2.0,0.0,2.0,3.0,5.0,20.0,17.0,2.0,15.0,15.0,0.0,0.0,0.0,0.0,0.0,18.0,11.0,7.0,7.0,22.0,-15.0
11,2025/11/08,Crystal Palace,Brighton,16,10,D,0.0,0.0,2.0,1.0,2.0,3.0,1.0,1.0,8.0,10.0,16.0,15.0,2.0,1.0,0.0,0.0,0.0,0.0,0.0,14.0,9.0,5.0,17.0,15.0,2.0
11,2025/11/08,Everton,Fulham,18,19,H,2.0,0.0,1.0,1.0,3.0,1.0,0.0,4.0,15.0,14.0,11.0,11.0,1.0,0.0,0.0,0.0,0.0,0.0,0.0,9.0,12.0,-3.0,12.0,14.0,-2.0
11,2025/11/08,Man City,Liverpool,27,25,H,3.0,0.0,4.0,0.0,1.0,1.0,0.0,4.0,2.0,3.0,19.0,18.0,1.0,1.0,0.0,0.0,0.0,0.0,0.0,20.0,8.0,12.0,18.0,14.0,4.0
11,2025/11/08,Nott'm Forest,Leeds,32,23,H,3.0,1.0,0.0,2.0,3.0,1.0,1.0,3.0,18.0,16.0,7.0,11.0,2.0,4.0,0.0,0.0,0.0,0.0,0.0,10.0,20.0,-10.0,9.0,17.0,-8.0
11,2025/11/08,Sunderland,Arsenal,40,0,D,2.0,2.0,3.0,1.0,1.0,5.0,0.0,0.0,6.0,1.0,17.0,25.0,5.0,8.0,0.0,0.0,0.0,0.0,0.0,11.0,7.0,4.0,18.0,3.0,15.0
11,2025/11/08,Tottenham,Man United,42,28,D,2.0,2.0,2.0,1.0,2.0,3.0,1.0,1.0,4.0,7.0,17.0,17.0,3.0,0.0,0.0,0.0,0.0,0.0,0.0,17.0,8.0,9.0,17.0,16.0,1.0
11,2025/11/08,West Ham,Burnley,45,11,H,3.0,2.0,1.0,1.0,3.0,2.0,0.0,3.0,19.0,17.0,7.0,10.0,2.0,3.0,0.0,0.0,0.0,0.0,0.0,10.0,21.0,-11.0,12.0,19.0,-7.0
12,2025/11/22,Bournemouth,West Ham,7,45,D,2.0,2.0,1.0,3.0,1.0,1.0,1.0,3.0,9.0,19.0,16.0,7.0,10.0,9.0,0.0,0.0,0.0,0.0,0.0,18.0,17.0,1.0,10.0,21.0,-11.0
12,2025/11/22,Arsenal,Tottenham,0,42,H,4.0,1.0,5.0,0.0,0.0,2.0,1.0,2.0,1.0,4.0,25.0,17.0,3.0,8.0,0.0,0.0,0.0,0.0,0.0,18.0,3.0,15.0,17.0,8.0,9.0
12,2025/11/22,Brighton,Brentford,10,9,H,2.0,1.0,3.0,1.0,1.0,3.0,0.0,2.0,10.0,12.0,15.0,13.0,2.0,2.0,0.0,0.0,0.0,0.0,0.0,17.0,15.0,2.0,14.0,16.0,-2.0
12,2025/11/22,Burnley,Chelsea,11,14,A,0.0,2.0,2.0,0.0,3.0,3.0,0.0,2.0,17.0,5.0,10.0,17.0,12.0,7.0,0.0,0.0,0.0,0.0,0.0,12.0,19.0,-7.0,18.0,11.0,7.0
12,2025/11/22,Fulham,Sunderland,19,40,H,1.0,0.0,1.0,0.0,4.0,3.0,1.0,1.0,14.0,6.0,11.0,17.0,8.0,6.0,0.0,0.0,0.0,0.0,0.0,12.0,14.0,-2.0,11.0,7.0,4.0
12,2025/11/22,Leeds,Aston Villa,23,1,A,1.0,2.0,1.0,1.0,3.0,4.0,0.0,1.0,16.0,11.0,11.0,15.0,5.0,4.0,0.0,0.0,0.0,0.0,0.0,9.0,17.0,-8.0,9.0,10.0,-1.0
12,2025/11/22,Liverpool,Nott'm Forest,25,32,A,0.0,3.0,1.0,0.0,4.0,0.0,2.0,3.0,3.0,18.0,18.0,7.0,15.0,11.0,0.0,0.0,0.0,0.0,0.0,18.0,14.0,4.0,10.0,20.0,-10.0
12,2025/11/22,Man United,Everton,28,18,A,0.0,1.0,3.0,1.0,1.0,1.0,1.0,3.0,7.0,15.0,17.0,11.0,8.0,6.0,0.0,0.0,0.0,0.0,0.0,17.0,16.0,1.0,9.0,12.0,-3.0
12,2025/11/22,Newcastle,Man City,30,27,H,2.0,1.0,2.0,0.0,3.0,4.0,0.0,1.0,13.0,2.0,12.0,19.0,11.0,7.0,0.0,0.0,0.0,0.0,0.0,10.0,11.0,-1.0,20.0,8.0,12.0
12,2025/11/22,Wolves,Crystal Palace,48,16,A,0.0,2.0,0.0,2.0,3.0,2.0,1.0,2.0,20.0,8.0,2.0,16.0,12.0,14.0,0.0,0.0,0.0,0.0,0.0,7.0,22.0,-15.0,14.0,9.0,5.0
13,2025/11/29,Aston Villa,Wolves,1,48,H,,,4.0,0.0,1.0,0.0,0.0,5.0,4.0,20.0,21.0,2.0,16.0,19.0,0.0,0.0,0.0,2.0,0.5,19.75,19.25,0.5,14.25,21.25,-7.0
13,2025/11/29,Brentford,Burnley,9,11,H,,,3.0,0.0,2.0,2.0,0.0,3.0,13.0,19.0,16.0,10.0,6.0,6.0,0.0,0.0,0.0,2.5,1.0,20.0,19.75,0.25,12.0,26.0,-14.0
13,2025/11/29,Chelsea,Arsenal,14,0,H,,,4.0,0.0,1.0,4.0,1.0,0.0,2.0,1.0,23.0,29.0,1.0,6.0,0.0,0.0,0.0,1.25,0.75,23.75,12.5,11.25,23.25,13.0,10.25
13,2025/11/29,Crystal Palace,Man United,16,28,H,,,2.0,2.0,1.0,2.0,2.0,1.0,5.0,10.0,20.0,18.0,5.0,2.0,0.0,0.0,0.0,1.5,1.0,13.75,17.75,-4.0,17.5,16.75,0.75
13,2025/11/29,Everton,Newcastle,18,30,H,,,2.0,1.0,2.0,2.0,0.0,3.0,11.0,14.0,18.0,15.0,3.0,3.0,0.0,0.0,0.0,1.25,0.75,12.75,18.25,-5.5,20.0,16.75,3.25
13,2025/11/29,Man City,Leeds,27,23,H,,,3.0,0.0,2.0,1.0,0.0,4.0,3.0,18.0,22.0,11.0,15.0,11.0,0.0,0.0,0.0,4.5,3.5,29.5,12.5,17.0,12.5,19.0,-6.5
13,2025/11/29,Nott'm Forest,Brighton,32,10,H,,,2.0,2.0,1.0,3.0,1.0,1.0,16.0,6.0,13.0,19.0,10.0,6.0,0.0,0.0,0.0,4.0,0.6666666666666666,13.33,19.0,-5.67,19.25,17.0,2.25
13,2025/11/29,Sunderland,Bournemouth,40,7,H,,,2.0,2.0,1.0,0.0,3.0,2.0,7.0,12.0,19.0,17.0,5.0,2.0,0.0,0.0,0.0,0.0,0.0,0.0,0.0,0.0,14.67,24.0,-9.33
13,2025/11/29,Tottenham,Fulham,42,19,H,,,1.0,1.0,3.0,2.0,0.0,3.0,9.0,15.0,18.0,14.0,6.0,4.0,0.0,0.0,0.0,1.6666666666666667,0.3333333333333333,21.75,15.5,6.25,17.67,20.67,-3.0
13,2025/11/29,West Ham,Liverpool,45,25,H,,,2.0,1.0,2.0,1.0,0.0,4.0,17.0,8.0,11.0,18.0,9.0,7.0,0.0,0.0,0.0,1.5,0.5,18.75,18.75,0.0,28.75,10.75,18.0
14,2025/12/03,Bournemouth,Everton,7,18,H,,,0.0,2.0,3.0,3.0,1.0,1.0,13.0,8.0,17.0,21.0,5.0,4.0,0.0,0.0,0.0,2.0,1.0,16.33,25.67,-9.33,14.25,19.25,-5.0
14,2025/12/03,Arsenal,Brentford,0,9,H,,,3.0,1.0,1.0,3.0,0.0,2.0,1.0,10.0,29.0,19.0,9.0,10.0,0.0,0.0,0.0,1.5,1.75,26.0,14.0,12.0,21.25,21.5,-0.25
14,2025/12/03,Brighton,Aston Villa,10,1,H,,,2.0,1.0,2.0,4.0,0.0,1.0,9.0,4.0,19.0,24.0,5.0,5.0,0.0,0.0,0.0,0.5,1.0,21.25,19.0,2.25,21.25,21.5,-0.25
14,2025/12/03,Burnley,Crystal Palace,11,16,A,,,1.0,0.0,4.0,3.0,1.0,1.0,19.0,5.0,10.0,23.0,14.0,13.0,0.0,0.0,0.0,1.5,0.5,14.5,26.0,-11.5,14.5,18.25,-3.75
14,2025/12/03,Fulham,Man City,19,27,A,,,2.0,0.0,3.0,3.0,0.0,2.0,17.0,3.0,14.0,25.0,14.0,11.0,0.0,0.0,0.0,0.3333333333333333,1.3333333333333333,19.67,22.33,-2.67,31.75,13.5,18.25
14,2025/12/03,Leeds,Chelsea,23,14,A,,,1.0,0.0,4.0,4.0,0.0,1.0,18.0,2.0,11.0,26.0,16.0,15.0,0.0,0.0,0.0,1.5,1.0,14.0,19.5,-5.5,26.5,14.5,12.0
14,2025/12/03,Liverpool,Sunderland,25,40,H,,,1.0,0.0,4.0,2.0,2.0,1.0,11.0,6.0,18.0,22.0,5.0,4.0,0.0,0.0,0.0,0.0,0.0,31.75,13.0,18.75,0.0,0.0,0.0
14,2025/12/03,Man United,West Ham,28,45,H,,,1.0,2.0,2.0,3.0,1.0,1.0,12.0,16.0,18.0,14.0,4.0,4.0,0.0,0.0,0.0,1.25,0.75,18.5,18.0,0.5,19.5,20.25,-0.75
14,2025/12/03,Newcastle,Tottenham,30,42,A,,,2.0,0.0,3.0,2.0,1.0,2.0,15.0,7.0,15.0,21.0,8.0,6.0,0.0,0.0,0.0,3.5,1.5,22.25,17.75,4.5,23.75,17.0,6.75
14,2025/12/03,Wolves,Nott'm Forest,48,32,A,,,0.0,0.0,5.0,3.0,2.0,0.0,20.0,14.0,2.0,16.0,6.0,14.0,0.0,0.0,0.0,0.6666666666666666,1.3333333333333333,14.75,23.0,-8.25,13.33,22.0,-8.67
15,2025/12/06,Bournemouth,Chelsea,7,14,A,,,1.0,1.0,3.0,5.0,0.0,0.0,12.0,2.0,20.0,29.0,10.0,9.0,0.0,0.0,0.0,0.3333333333333333,1.0,18.67,27.33,-8.67,28.25,16.75,11.5
15,2025/12/06,Aston Villa,Arsenal,1,0,H,,,3.0,0.0,2.0,3.0,1.0,1.0,6.0,1.0,24.0,32.0,5.0,8.0,0.0,0.0,0.0,0.75,1.5,23.0,22.0,1.0,27.75,15.5,12.25
15,2025/12/06,Brighton,West Ham,10,45,H,,,3.0,1.0,1.0,3.0,1.0,1.0,7.0,16.0,22.0,14.0,9.0,8.0,0.0,0.0,0.0,2.75,1.0,23.25,20.5,2.75,21.5,21.75,-0.25
15,2025/12/06,Everton,Nott'm Forest,18,32,H,,,3.0,1.0,1.0,4.0,1.0,0.0,11.0,14.0,21.0,19.0,3.0,2.0,0.0,0.0,0.0,1.0,1.3333333333333333,16.0,20.5,-4.5,15.0,25.0,-10.0
15,2025/12/06,Fulham,Crystal Palace,19,16,A,,,2.0,0.0,3.0,4.0,1.0,0.0,17.0,4.0,14.0,26.0,13.0,12.0,0.0,0.0,0.0,1.0,1.6666666666666667,22.0,23.33,-1.33,15.5,19.75,-4.25
15,2025/12/06,Leeds,Liverpool,23,25,A,,,0.0,0.0,5.0,2.0,0.0,3.0,18.0,9.0,11.0,21.0,9.0,10.0,0.0,0.0,0.0,0.5,1.0,17.0,22.0,-5.0,33.5,13.75,19.75
15,2025/12/06,Man City,Sunderland,27,40,H,,,4.0,0.0,1.0,1.0,2.0,2.0,3.0,8.0,28.0,22.0,5.0,6.0,0.0,0.0,0.0,0.0,0.0,33.5,14.75,18.75,0.0,0.0,0.0
15,2025/12/06,Newcastle,Burnley,30,11,A,,,1.0,0.0,4.0,0.0,0.0,5.0,15.0,19.0,15.0,10.0,4.0,5.0,0.0,0.0,0.0,1.5,3.0,24.0,19.75,4.25,14.5,27.0,-12.5
15,2025/12/06,Tottenham,Brentford,42,9,H,,,2.0,1.0,2.0,2.0,0.0,3.0,5.0,13.0,24.0,19.0,8.0,5.0,0.0,0.0,0.0,2.25,1.5,25.75,19.0,6.75,23.5,23.5,0.0
15,2025/12/06,Wolves,Man United,48,28,A,,,0.0,0.0,5.0,1.0,2.0,2.0,20.0,10.0,2.0,21.0,10.0,19.0,0.0,0.0,0.0,1.25,0.5,15.75,24.5,-8.75,20.0,19.75,0.25
16,2025/12/13,Arsenal,Wolves,0,48,H,,,2.0,1.0,2.0,0.0,0.0,5.0,1.0,20.0,32.0,2.0,19.0,30.0,0.0,0.0,0.0,2.75,1.5,29.0,15.75,13.25,16.25,26.0,-9.75
16,2025/12/13,Brentford,Leeds,9,23,H,,,2.0,0.0,3.0,0.0,0.0,5.0,13.0,19.0,19.0,11.0,6.0,8.0,0.0,0.0,0.0,3.0,1.0,24.75,24.75,0.0,19.5,25.5,-6.0
16,2025/12/13,Burnley,Fulham,11,19,D,,,1.0,0.0,4.0,1.0,0.0,4.0,18.0,16.0,13.0,14.0,2.0,1.0,0.0,0.0,0.0,2.0,2.0,15.0,27.5,-12.5,24.67,24.67,0.0
16,2025/12/13,Chelsea,Everton,14,18,H,,,5.0,0.0,0.0,4.0,0.0,1.0,2.0,10.0,32.0,24.0,8.0,8.0,0.0,0.0,0.0,2.5,0.25,29.5,18.25,11.25,16.75,22.0,-5.25
16,2025/12/13,Crystal Palace,Man City,16,27,H,,,4.0,1.0,0.0,4.0,0.0,1.0,4.0,3.0,29.0,31.0,1.0,2.0,0.0,0.0,0.0,1.0,2.0,17.25,21.0,-3.75,34.75,16.0,18.75
16,2025/12/13,Liverpool,Brighton,25,10,H,,,2.0,0.0,3.0,3.0,1.0,1.0,8.0,7.0,24.0,25.0,1.0,1.0,0.0,0.0,0.0,2.25,1.5,35.5,14.75,20.75,24.0,22.0,2.0
16,2025/12/13,Man United,Bournemouth,28,7,H,,,2.0,1.0,2.0,1.0,1.0,3.0,9.0,12.0,24.0,20.0,3.0,4.0,0.0,0.0,0.0,1.0,1.3333333333333333,21.25,21.0,0.25,21.0,27.67,-6.67
16,2025/12/13,Nott'm Forest,Tottenham,32,42,A,,,4.0,0.0,1.0,3.0,1.0,1.0,14.0,5.0,19.0,27.0,9.0,8.0,0.0,0.0,0.0,0.3333333333333333,1.3333333333333333,16.33,25.67,-9.33,29.0,20.0,9.0
16,2025/12/13,Sunderland,Newcastle,40,30,H,,,1.0,1.0,3.0,1.0,0.0,4.0,11.0,15.0,22.0,15.0,4.0,7.0,0.0,0.0,0.0,0.0,0.0,0.0,0.0,0.0,25.5,21.75,3.75
16,2025/12/13,West Ham,Aston Villa,45,1,A,,,2.0,1.0,2.0,4.0,0.0,1.0,17.0,6.0,14.0,27.0,11.0,13.0,0.0,0.0,0.0,1.25,1.75,21.75,23.75,-2.0,24.0,23.0,1.0
17,2025/12/20,Bournemouth,Burnley,7,11,H,,,1.0,1.0,3.0,1.0,1.0,3.0,13.0,18.0,20.0,14.0,5.0,6.0,0.0,0.0,0.0,2.0,2.0,22.0,28.33,-6.33,15.0,28.5,-13.5
17,2025/12/20,Aston Villa,Man United,1,28,H,,,4.0,0.0,1.0,3.0,0.0,2.0,6.0,8.0,30.0,27.0,2.0,3.0,0.0,0.0,0.0,1.5,0.75,25.75,24.25,1.5,22.0,21.75,0.25
17,2025/12/20,Brighton,Sunderland,10,40,H,,,3.0,0.0,2.0,2.0,0.0,3.0,9.0,10.0,25.0,25.0,1.0,0.0,0.0,0.0,0.0,0.0,0.0,25.0,23.25,1.75,0.0,0.0,0.0
17,2025/12/20,Everton,Arsenal,18,0,A,,,3.0,0.0,2.0,3.0,0.0,2.0,11.0,1.0,24.0,35.0,10.0,11.0,0.0,0.0,0.0,1.0,0.5,17.75,22.75,-5.0,32.0,16.25,15.75
17,2025/12/20,Fulham,Nott'm Forest,19,32,H,,,1.0,1.0,3.0,3.0,0.0,2.0,16.0,14.0,15.0,19.0,2.0,4.0,0.0,0.0,0.0,3.0,1.6666666666666667,25.67,25.67,0.0,17.0,27.33,-10.33
17,2025/12/20,Leeds,Crystal Palace,23,16,A,,,0.0,0.0,5.0,5.0,0.0,0.0,19.0,3.0,11.0,32.0,16.0,21.0,0.0,0.0,0.0,1.0,0.5,20.0,30.5,-10.5,18.5,24.0,-5.5
17,2025/12/20,Man City,West Ham,27,45,H,,,3.0,0.0,2.0,1.0,1.0,3.0,4.0,17.0,31.0,14.0,13.0,17.0,0.0,0.0,0.0,3.0,2.5,38.0,17.25,20.75,23.0,25.25,-2.25
17,2025/12/20,Newcastle,Chelsea,30,14,A,,,1.0,0.0,4.0,5.0,0.0,0.0,15.0,2.0,15.0,35.0,13.0,20.0,0.0,0.0,0.0,1.75,1.0,28.25,22.5,5.75,30.75,18.5,12.25
17,2025/12/20,Tottenham,Liverpool,42,25,H,,,4.0,0.0,1.0,3.0,0.0,2.0,5.0,7.0,30.0,27.0,2.0,3.0,0.0,0.0,0.0,2.0,1.75,30.75,22.0,8.75,38.5,16.0,22.5
17,2025/12/20,Wolves,Brentford,48,9,A,,,0.0,0.0,5.0,2.0,0.0,3.0,20.0,12.0,2.0,22.0,8.0,20.0,0.0,0.0,0.0,0.75,2.5,17.75,27.0,-9.25,25.5,26.25,-0.75
18,2025/12/27,Arsenal,Brighton,0,10,H,,,3.0,0.0,2.0,3.0,0.0,2.0,1.0,7.0,38.0,28.0,6.0,10.0,0.0,0.0,0.0,1.0,2.0,34.5,17.25,17.25,25.75,24.5,1.25
18,2025/12/27,Brentford,Bournemouth,9,7,H,,,3.0,0.0,2.0,2.0,0.0,3.0,11.0,13.0,25.0,23.0,2.0,2.0,0.0,0.0,0.0,2.3333333333333335,1.3333333333333333,26.0,26.25,-0.25,23.0,29.67,-6.67
18,2025/12/27,Burnley,Everton,11,18,H,,,1.0,1.0,3.0,2.0,0.0,3.0,18.0,12.0,14.0,24.0,6.0,10.0,0.0,0.0,0.0,1.5,0.5,16.0,28.5,-12.5,18.5,23.75,-5.25
18,2025/12/27,Chelsea,Aston Villa,14,1,H,,,5.0,0.0,0.0,4.0,0.0,1.0,2.0,6.0,38.0,33.0,4.0,5.0,0.0,0.0,0.0,1.5,2.0,31.5,19.75,11.75,26.5,25.25,1.25
18,2025/12/27,Crystal Palace,Tottenham,16,42,H,,,5.0,0.0,0.0,5.0,0.0,0.0,3.0,5.0,35.0,33.0,2.0,2.0,0.0,0.0,0.0,1.25,0.75,19.25,24.25,-5.0,31.75,23.5,8.25
18,2025/12/27,Liverpool,Wolves,25,48,H,,,3.0,0.0,2.0,0.0,0.0,5.0,8.0,20.0,27.0,2.0,12.0,25.0,0.0,0.0,0.0,2.25,1.5,40.5,17.25,23.25,18.75,27.5,-8.75
18,2025/12/27,Man United,Newcastle,28,30,H,,,3.0,0.0,2.0,0.0,0.0,5.0,9.0,16.0,27.0,15.0,7.0,12.0,0.0,0.0,0.0,1.75,0.5,22.25,22.75,-0.5,29.0,23.75,5.25
18,2025/12/27,Nott'm Forest,Man City,32,27,A,,,2.0,0.0,3.0,4.0,0.0,1.0,14.0,4.0,19.0,34.0,10.0,15.0,0.0,0.0,0.0,0.6666666666666666,0.0,18.33,28.67,-10.33,39.5,17.75,21.75
18,2025/12/27,Sunderland,Leeds,40,23,H,,,2.0,0.0,3.0,0.0,0.0,5.0,10.0,19.0,25.0,11.0,9.0,14.0,0.0,0.0,0.0,0.0,0.0,0.0,0.0,0.0,20.5,32.5,-12.0
18,2025/12/27,West Ham,Fulham,45,19,H,,,1.0,0.0,4.0,1.0,1.0,3.0,17.0,15.0,14.0,18.0,2.0,4.0,0.0,0.0,0.0,2.0,0.6666666666666666,23.75,25.75,-2.0,27.0,27.0,0.0
19,2025/12/30,Arsenal,Aston Villa,0,1,H,,,4.0,0.0,1.0,3.0,0.0,2.0,1.0,6.0,41.0,33.0,5.0,8.0,1.0,0.0,0.0,1.75,1.75,36.5,18.0,18.5,28.0,27.5,0.5
19,2025/12/30,Brentford,Tottenham,9,42,A,,,3.0,0.0,2.0,4.0,0.0,1.0,11.0,5.0,28.0,33.0,6.0,5.0,1.0,0.0,0.0,1.0,1.5,27.25,28.75,-1.5,34.5,25.0,9.5
19,2025/12/30,Burnley,Newcastle,11,30,H,,,2.0,1.0,2.0,0.0,0.0,5.0,17.0,18.0,17.0,15.0,1.0,2.0,0.0,0.0,1.0,1.0,0.0,16.0,29.5,-13.5,30.0,24.75,5.25
19,2025/12/30,Chelsea,Bournemouth,14,7,H,,,5.0,0.0,0.0,2.0,0.0,3.0,2.0,13.0,41.0,23.0,11.0,18.0,0.0,0.0,1.0,2.0,1.3333333333333333,33.0,21.5,11.5,24.67,31.33,-6.67
19,2025/12/30,Crystal Palace,Fulham,16,19,H,,,5.0,0.0,0.0,1.0,1.0,3.0,3.0,15.0,38.0,18.0,12.0,20.0,0.0,0.0,1.0,0.0,1.6666666666666667,20.0,26.75,-6.75,28.67,29.0,-0.33
19,2025/12/30,Liverpool,Leeds,25,23,H,,,4.0,0.0,1.0,0.0,0.0,5.0,7.0,19.0,30.0,11.0,12.0,19.0,0.0,0.0,1.0,3.5,4.5,42.5,18.0,24.5,21.5,33.5,-12.0
19,2025/12/30,Man United,Wolves,28,48,H,,,4.0,0.0,1.0,0.0,0.0,5.0,8.0,20.0,30.0,2.0,12.0,28.0,0.0,0.0,1.0,0.75,1.5,24.0,24.0,0.0,20.5,28.5,-8.0
19,2025/12/30,Nott'm Forest,Everton,32,18,H,,,1.0,0.0,4.0,1.0,0.0,4.0,14.0,12.0,19.0,24.0,2.0,5.0,1.0,0.0,0.0,0.6666666666666666,1.0,20.33,29.0,-8.67,19.0,26.0,-7.0
19,2025/12/30,Sunderland,Man City,40,27,A,,,2.0,0.0,3.0,4.0,0.0,1.0,10.0,4.0,28.0,37.0,6.0,9.0,1.0,0.0,0.0,0.0,0.0,0.0,0.0,0.0,42.5,18.75,23.75
19,2025/12/30,West Ham,Brighton,45,10,A,,,1.0,0.0,4.0,3.0,0.0,2.0,16.0,9.0,17.0,28.0,7.0,11.0,1.0,0.0,0.0,0.5,1.5,25.25,28.25,-3.0,28.75,25.75,3.0
20,2026/01/03,Bournemouth,Arsenal,7,0,A,,,1.0,0.0,4.0,4.0,0.0,1.0,13.0,1.0,23.0,44.0,12.0,21.0,0.0,0.0,0.0,0.6666666666666666,1.3333333333333333,25.33,33.0,-7.67,37.5,18.75,18.75
20,2026/01/03,Aston Villa,Nott'm Forest,1,32,H,,,3.0,0.0,2.0,1.0,0.0,4.0,7.0,14.0,33.0,22.0,7.0,11.0,0.0,0.0,0.0,2.6666666666666665,0.6666666666666666,29.75,28.5,1.25,22.67,29.33,-6.67
20,2026/01/03,Brighton,Burnley,10,11,H,,,3.0,0.0,2.0,3.0,1.0,1.0,9.0,15.0,31.0,20.0,6.0,11.0,0.0,0.0,0.0,0.5,1.5,30.0,26.25,3.75,17.5,32.5,-15.0
20,2026/01/03,Everton,Brentford,18,9,H,,,1.0,0.0,4.0,3.0,0.0,2.0,12.0,11.0,24.0,28.0,1.0,4.0,0.0,0.0,0.0,1.0,1.25,19.25,27.5,-8.25,29.25,29.75,-0.5
20,2026/01/03,Fulham,Liverpool,19,25,A,,,1.0,1.0,3.0,4.0,0.0,1.0,16.0,6.0,18.0,33.0,10.0,15.0,0.0,0.0,0.0,2.0,1.6666666666666667,30.0,30.33,-0.33,44.0,20.0,24.0
20,2026/01/03,Leeds,Man United,23,28,A,,,0.0,0.0,5.0,4.0,0.0,1.0,19.0,8.0,11.0,33.0,11.0,22.0,0.0,0.0,0.0,1.0,1.5,22.0,34.5,-12.5,26.25,25.75,0.5
20,2026/01/03,Man City,Chelsea,27,14,H,,,4.0,0.0,1.0,5.0,0.0,0.0,4.0,2.0,40.0,44.0,2.0,4.0,0.0,0.0,0.0,1.5,2.0,45.5,20.0,25.5,34.5,22.5,12.0
20,2026/01/03,Newcastle,Crystal Palace,30,16,A,,,0.0,0.0,5.0,5.0,0.0,0.0,18.0,3.0,15.0,41.0,15.0,26.0,0.0,0.0,0.0,2.5,0.5,31.25,26.0,5.25,22.0,27.75,-5.75
20,2026/01/03,Tottenham,Sunderland,42,40,H,,,4.0,0.0,1.0,2.0,0.0,3.0,5.0,10.0,36.0,28.0,5.0,8.0,0.0,0.0,0.0,0.0,0.0,36.25,27.5,8.75,0.0,0.0,0.0
20,2026/01/03,Wolves,West Ham,48,45,A,,,0.0,0.0,5.0,1.0,0.0,4.0,20.0,17.0,2.0,17.0,3.0,15.0,0.0,0.0,0.0,1.0,0.25,21.5,29.25,-7.75,26.5,29.75,-3.25
21,2026/01/07,Bournemouth,Tottenham,7,42,A,,,1.0,0.0,4.0,4.0,0.0,1.0,13.0,5.0,23.0,39.0,8.0,16.0,0.0,0.0,1.0,1.0,2.0,26.33,35.33,-9.0,37.5,28.5,9.0
21,2026/01/07,Arsenal,Liverpool,0,25,H,,,5.0,0.0,0.0,4.0,0.0,1.0,1.0,6.0,47.0,36.0,5.0,11.0,1.0,0.0,0.0,2.0,1.25,40.25,20.0,20.25,45.75,20.75,25.0
21,2026/01/07,Brentford,Sunderland,9,40,H,,,3.0,0.0,2.0,2.0,0.0,3.0,11.0,10.0,28.0,28.0,1.0,0.0,1.0,0.0,0.0,0.0,0.0,31.25,32.0,-0.75,0.0,0.0,0.0
21,2026/01/07,Burnley,Man United,11,28,A,,,2.0,1.0,2.0,4.0,0.0,1.0,16.0,8.0,20.0,36.0,8.0,16.0,1.0,0.0,0.0,0.5,1.0,18.5,34.5,-16.0,28.0,27.5,0.5
21,2026/01/07,Crystal Palace,Aston Villa,16,1,H,,,5.0,0.0,0.0,3.0,0.0,2.0,3.0,7.0,44.0,36.0,4.0,8.0,0.0,0.0,1.0,3.25,1.0,23.0,29.75,-6.75,30.5,29.0,1.5
21,2026/01/07,Everton,Wolves,18,48,H,,,1.0,0.0,4.0,0.0,0.0,5.0,12.0,20.0,27.0,2.0,8.0,25.0,0.0,0.0,1.0,1.25,0.75,19.75,29.0,-9.25,21.75,30.75,-9.0
21,2026/01/07,Fulham,Chelsea,19,14,A,,,1.0,1.0,3.0,4.0,0.0,1.0,17.0,2.0,18.0,44.0,15.0,26.0,1.0,0.0,0.0,1.0,0.6666666666666666,30.67,32.0,-1.33,35.75,23.5,12.25
21,2026/01/07,Man City,Brighton,27,10,H,,,4.0,0.0,1.0,3.0,0.0,2.0,4.0,9.0,43.0,34.0,5.0,9.0,1.0,0.0,0.0,2.5,2.5,48.0,21.25,26.75,31.75,27.25,4.5
21,2026/01/07,Newcastle,Leeds,30,23,D,,,0.0,0.0,5.0,0.0,0.0,5.0,18.0,19.0,15.0,11.0,1.0,4.0,0.0,1.0,0.0,0.5,1.5,32.5,26.75,5.75,23.5,35.0,-11.5
21,2026/01/07,West Ham,Nott'm Forest,45,32,H,,,2.0,0.0,3.0,1.0,0.0,4.0,15.0,14.0,20.0,22.0,1.0,2.0,0.0,0.0,1.0,2.6666666666666665,0.0,29.5,31.25,-1.75,24.0,31.0,-7.0
22,2026/01/17,Aston Villa,Everton,1,18,H,,,2.0,0.0,3.0,2.0,0.0,3.0,8.0,11.0,36.0,30.0,3.0,6.0,0.0,1.0,0.0,3.0,1.0,32.25,31.75,0.5,21.0,30.0,-9.0
22,2026/01/17,Brighton,Bournemouth,10,7,H,,,3.0,0.0,2.0,1.0,0.0,4.0,9.0,14.0,34.0,23.0,5.0,11.0,1.0,0.0,0.0,2.0,1.3333333333333333,33.25,29.0,4.25,28.0,36.33,-8.33
22,2026/01/17,Chelsea,Brentford,14,9,H,,,4.0,0.0,1.0,3.0,0.0,2.0,2.0,10.0,47.0,31.0,8.0,16.0,0.0,1.0,0.0,0.75,0.75,37.0,25.25,11.75,32.75,34.75,-2.0
22,2026/01/17,Leeds,Fulham,23,19,A,,,0.0,1.0,4.0,1.0,0.0,4.0,19.0,17.0,12.0,18.0,2.0,6.0,1.0,0.0,0.0,2.0,1.0,26.0,37.5,-11.5,31.33,32.0,-0.67
22,2026/01/17,Liverpool,Burnley,25,11,H,,,3.0,0.0,2.0,2.0,0.0,3.0,7.0,16.0,36.0,20.0,9.0,16.0,0.0,0.0,1.0,2.5,1.5,48.0,21.75,26.25,19.0,36.0,-17.0
22,2026/01/17,Man United,Man City,28,27,H,,,4.0,0.0,1.0,5.0,0.0,0.0,6.0,4.0,39.0,46.0,2.0,7.0,1.0,0.0,0.0,0.5,1.75,31.5,30.5,1.0,50.5,21.75,28.75
22,2026/01/17,Nott'm Forest,Arsenal,32,0,A,,,1.0,0.0,4.0,5.0,0.0,0.0,15.0,1.0,22.0,50.0,14.0,28.0,1.0,0.0,0.0,0.6666666666666666,0.3333333333333333,25.67,32.33,-6.67,41.25,21.0,20.25
22,2026/01/17,Sunderland,Crystal Palace,40,16,A,,,1.0,0.0,4.0,5.0,0.0,0.0,12.0,3.0,28.0,47.0,9.0,19.0,0.0,1.0,0.0,0.0,0.0,0.0,0.0,0.0,24.75,31.0,-6.25
22,2026/01/17,Tottenham,West Ham,42,45,H,,,4.0,0.0,1.0,3.0,0.0,2.0,5.0,13.0,42.0,23.0,8.0,19.0,0.0,0.0,1.0,2.5,0.75,39.75,30.25,9.5,30.5,33.0,-2.5
22,2026/01/17,Wolves,Newcastle,48,30,A,,,0.0,0.0,5.0,0.0,1.0,4.0,20.0,18.0,2.0,16.0,2.0,14.0,1.0,0.0,0.0,1.5,0.25,24.25,32.75,-8.5,34.0,28.5,5.5
23,2026/01/24,Bournemouth,Liverpool,7,25,A,,,0.0,0.0,5.0,4.0,0.0,1.0,14.0,7.0,23.0,39.0,7.0,16.0,1.0,0.0,0.0,0.3333333333333333,0.3333333333333333,30.33,37.0,-6.67,50.5,23.0,27.5
23,2026/01/24,Arsenal,Man United,0,28,H,,,5.0,0.0,0.0,5.0,0.0,0.0,1.0,6.0,53.0,42.0,5.0,11.0,0.0,0.0,1.0,2.75,1.25,42.75,22.25,20.5,33.25,30.5,2.75
23,2026/01/24,Brentford,Nott'm Forest,9,32,H,,,2.0,0.0,3.0,1.0,0.0,4.0,10.0,15.0,31.0,22.0,5.0,9.0,1.0,0.0,0.0,1.6666666666666667,1.6666666666666667,34.0,36.5,-2.5,26.0,35.0,-9.0
23,2026/01/24,Burnley,Tottenham,11,42,A,,,2.0,0.0,3.0,4.0,0.0,1.0,17.0,5.0,20.0,45.0,12.0,25.0,1.0,0.0,0.0,1.5,0.5,20.0,37.0,-17.0,40.75,32.75,8.0
23,2026/01/24,Crystal Palace,Chelsea,16,14,H,,,5.0,0.0,0.0,4.0,0.0,1.0,3.0,2.0,50.0,50.0,1.0,0.0,0.0,1.0,0.0,0.75,0.5,25.75,33.5,-7.75,38.5,27.25,11.25
23,2026/01/24,Everton,Leeds,18,23,H,,,2.0,0.0,3.0,0.0,1.0,4.0,11.0,19.0,30.0,12.0,8.0,18.0,1.0,0.0,0.0,2.0,1.5,21.75,31.25,-9.5,26.0,39.0,-13.0
23,2026/01/24,Fulham,Brighton,19,10,A,,,1.0,0.0,4.0,3.0,0.0,2.0,16.0,9.0,21.0,37.0,7.0,16.0,0.0,1.0,0.0,2.6666666666666665,1.0,32.67,33.0,-0.33,34.75,30.0,4.75
23,2026/01/24,Man City,Wolves,27,48,H,,,4.0,0.0,1.0,0.0,0.0,5.0,4.0,20.0,46.0,2.0,16.0,44.0,0.0,0.0,1.0,2.5,2.75,53.75,23.0,30.75,26.25,34.0,-7.75
23,2026/01/24,Newcastle,Aston Villa,30,1,A,,,1.0,1.0,3.0,2.0,0.0,3.0,18.0,8.0,19.0,39.0,10.0,20.0,0.0,1.0,0.0,3.25,1.0,36.25,30.0,6.25,34.25,32.75,1.5
23,2026/01/24,West Ham,Sunderland,45,40,H,,,3.0,0.0,2.0,1.0,0.0,4.0,13.0,12.0,23.0,28.0,1.0,5.0,1.0,0.0,0.0,0.0,0.0,31.0,34.5,-3.5,0.0,0.0,0.0
24,2026/01/31,Aston Villa,Brentford,1,9,H,,,3.0,0.0,2.0,2.0,0.0,3.0,8.0,10.0,42.0,34.0,2.0,8.0,1.0,0.0,0.0,2.75,1.25,35.75,35.5,0.25,34.75,37.75,-3.0
24,2026/01/31,Brighton,Everton,10,18,H,,,4.0,0.0,1.0,3.0,0.0,2.0,9.0,11.0,40.0,33.0,2.0,7.0,1.0,0.0,0.0,0.5,2.75,35.0,32.5,2.5,23.25,32.5,-9.25
24,2026/01/31,Chelsea,West Ham,14,45,H,,,3.0,0.0,2.0,3.0,0.0,2.0,3.0,13.0,50.0,26.0,10.0,24.0,0.0,0.0,1.0,2.5,1.75,39.75,28.0,11.75,31.5,37.0,-5.5
24,2026/01/31,Leeds,Arsenal,23,0,A,,,0.0,1.0,4.0,5.0,0.0,0.0,19.0,1.0,12.0,56.0,18.0,44.0,1.0,0.0,0.0,0.5,1.0,27.5,41.0,-13.5,46.75,23.0,23.75
24,2026/01/31,Liverpool,Newcastle,25,30,H,,,4.0,0.0,1.0,1.0,1.0,3.0,6.0,18.0,42.0,19.0,12.0,23.0,0.0,0.0,1.0,2.75,2.0,52.75,23.25,29.5,38.0,31.75,6.25
24,2026/01/31,Man United,Fulham,28,19,H,,,4.0,0.0,1.0,1.0,0.0,4.0,7.0,16.0,42.0,21.0,9.0,21.0,0.0,1.0,0.0,1.3333333333333333,1.3333333333333333,34.75,31.5,3.25,34.67,33.67,1.0
24,2026/01/31,Nott'm Forest,Crystal Palace,32,16,A,,,1.0,0.0,4.0,5.0,0.0,0.0,15.0,2.0,22.0,53.0,13.0,31.0,0.0,1.0,0.0,1.0,0.6666666666666666,29.33,36.33,-7.0,27.0,34.75,-7.75
24,2026/01/31,Sunderland,Burnley,40,11,H,,,0.0,0.0,5.0,1.0,0.0,4.0,12.0,17.0,28.0,20.0,5.0,8.0,1.0,0.0,0.0,0.0,0.0,0.0,0.0,0.0,21.0,39.0,-18.0
24,2026/01/31,Tottenham,Man City,42,27,H,,,5.0,0.0,0.0,4.0,0.0,1.0,5.0,4.0,48.0,49.0,1.0,1.0,0.0,0.0,1.0,0.5,3.0,42.75,33.75,9.0,55.25,24.5,30.75
24,2026/01/31,Wolves,Bournemouth,48,7,A,,,0.0,0.0,5.0,0.0,0.0,5.0,20.0,14.0,2.0,23.0,6.0,21.0,1.0,0.0,0.0,0.6666666666666666,1.0,26.75,35.0,-8.25,31.0,38.67,-7.67
25,2026/02/07,Bournemouth,Aston Villa,7,1,A,,,1.0,0.0,4.0,4.0,0.0,1.0,14.0,8.0,26.0,45.0,6.0,19.0,1.0,0.0,0.0,1.3333333333333333,0.6666666666666666,33.0,41.0,-8.0,37.0,36.25,0.75
25,2026/02/07,Arsenal,Sunderland,0,40,H,,,5.0,0.0,0.0,1.0,0.0,4.0,1.0,12.0,59.0,31.0,11.0,28.0,0.0,1.0,0.0,0.0,0.0,49.75,23.0,26.75,0.0,0.0,0.0
25,2026/02/07,Brighton,Crystal Palace,10,16,H,,,4.0,0.0,1.0,5.0,0.0,0.0,9.0,2.0,43.0,56.0,7.0,13.0,0.0,1.0,0.0,1.75,1.0,37.5,33.0,4.5,27.5,35.5,-8.0
25,2026/02/07,Burnley,West Ham,11,45,A,,,0.0,0.0,5.0,3.0,0.0,2.0,17.0,13.0,20.0,26.0,4.0,6.0,1.0,0.0,0.0,0.5,1.5,21.0,42.0,-21.0,33.0,38.25,-5.25
25,2026/02/07,Fulham,Everton,19,18,A,,,1.0,0.0,4.0,3.0,0.0,2.0,16.0,11.0,21.0,33.0,5.0,12.0,1.0,0.0,0.0,0.3333333333333333,1.6666666666666667,36.0,35.0,1.0,24.75,34.5,-9.75
25,2026/02/07,Leeds,Nott'm Forest,23,32,A,,,0.0,1.0,4.0,0.0,0.0,5.0,19.0,15.0,12.0,22.0,4.0,10.0,1.0,0.0,0.0,2.0,0.0,28.0,42.5,-14.5,30.33,38.33,-8.0
25,2026/02/07,Liverpool,Man City,25,27,H,,,4.0,0.0,1.0,3.0,0.0,2.0,6.0,5.0,45.0,49.0,1.0,4.0,1.0,0.0,0.0,1.5,1.5,56.0,24.0,32.0,58.75,25.0,33.75
25,2026/02/07,Man United,Tottenham,28,42,H,,,4.0,0.0,1.0,5.0,0.0,0.0,7.0,4.0,45.0,51.0,3.0,6.0,0.0,1.0,0.0,1.75,1.25,36.0,32.25,3.75,43.75,34.75,9.0
25,2026/02/07,Newcastle,Brentford,30,9,A,,,1.0,1.0,3.0,2.0,0.0,3.0,18.0,10.0,19.0,34.0,8.0,15.0,1.0,0.0,0.0,2.75,2.5,38.75,33.25,5.5,35.25,39.0,-3.75
25,2026/02/07,Wolves,Chelsea,48,14,A,,,0.0,0.0,5.0,3.0,0.0,2.0,20.0,3.0,2.0,53.0,17.0,51.0,1.0,0.0,0.0,1.25,1.75,28.25,36.5,-8.25,40.0,29.5,10.5
26,2026/02/11,Aston Villa,Brighton,1,10,H,,,4.0,0.0,1.0,4.0,0.0,1.0,8.0,9.0,48.0,46.0,1.0,2.0,1.0,0.0,0.0,3.0,1.75,38.75,37.25,1.5,39.75,34.0,5.75
26,2026/02/11,Brentford,Arsenal,9,0,A,,,3.0,0.0,2.0,5.0,0.0,0.0,10.0,1.0,37.0,62.0,9.0,25.0,1.0,0.0,0.0,0.75,1.0,37.75,41.0,-3.25,52.5,24.5,28.0
26,2026/02/11,Chelsea,Leeds,14,23,H,,,4.0,0.0,1.0,0.0,1.0,4.0,2.0,19.0,56.0,12.0,17.0,44.0,0.0,0.0,1.0,2.0,1.5,40.75,30.0,10.75,29.0,48.0,-19.0
26,2026/02/11,Crystal Palace,Burnley,16,11,H,,,4.0,0.0,1.0,0.0,0.0,5.0,3.0,17.0,56.0,20.0,14.0,36.0,0.0,0.0,1.0,2.0,2.5,29.75,36.25,-6.5,23.0,43.5,-20.5
26,2026/02/11,Everton,Bournemouth,18,7,H,,,3.0,0.0,2.0,1.0,0.0,4.0,11.0,14.0,36.0,26.0,3.0,10.0,1.0,0.0,0.0,2.0,0.3333333333333333,26.0,36.25,-10.25,33.67,42.67,-9.0
26,2026/02/11,Man City,Fulham,27,19,H,,,2.0,0.0,3.0,1.0,0.0,4.0,5.0,16.0,49.0,21.0,11.0,28.0,0.0,0.0,1.0,3.3333333333333335,2.6666666666666665,60.0,26.25,33.75,37.33,37.0,0.33
26,2026/02/11,Nott'm Forest,Wolves,32,48,H,,,1.0,0.0,4.0,0.0,0.0,5.0,15.0,20.0,25.0,2.0,5.0,23.0,0.0,0.0,1.0,1.3333333333333333,1.3333333333333333,32.67,41.67,-9.0,29.75,37.25,-7.5
26,2026/02/11,Sunderland,Liverpool,40,25,A,,,1.0,0.0,4.0,4.0,0.0,1.0,12.0,6.0,31.0,48.0,6.0,17.0,1.0,0.0,0.0,0.0,0.0,0.0,0.0,0.0,60.5,24.25,36.25
26,2026/02/11,Tottenham,Newcastle,42,30,H,,,4.0,0.0,1.0,1.0,1.0,3.0,4.0,18.0,51.0,19.0,14.0,32.0,0.0,0.0,1.0,2.75,1.25,45.5,36.0,9.5,40.25,35.75,4.5
26,2026/02/11,West Ham,Man United,45,28,H,,,3.0,0.0,2.0,4.0,0.0,1.0,13.0,7.0,29.0,48.0,6.0,19.0,1.0,0.0,0.0,1.5,0.5,34.5,40.0,-5.5,37.75,35.5,2.25
27,2026/02/21,Aston Villa,Leeds,1,23,H,,,5.0,0.0,0.0,0.0,0.0,5.0,7.0,19.0,51.0,12.0,12.0,39.0,0.0,0.0,1.0,2.5,1.5,40.5,39.0,1.5,30.0,51.0,-21.0
27,2026/02/21,Brentford,Brighton,9,10,A,,,2.0,0.0,3.0,4.0,0.0,1.0,11.0,9.0,37.0,46.0,2.0,9.0,1.0,0.0,0.0,1.5,1.0,39.0,42.5,-3.5,41.0,36.0,5.0
27,2026/02/21,Chelsea,Burnley,14,11,H,,,4.0,0.0,1.0,0.0,0.0,5.0,2.0,17.0,59.0,20.0,15.0,39.0,0.0,0.0,1.0,1.5,4.0,43.0,30.75,12.25,23.5,46.0,-22.5
27,2026/02/21,Crystal Palace,Wolves,16,48,H,,,4.0,0.0,1.0,0.0,0.0,5.0,3.0,20.0,59.0,2.0,17.0,57.0,0.0,0.0,1.0,2.75,1.75,31.25,38.0,-6.75,30.25,39.25,-9.0
27,2026/02/21,Everton,Man United,18,28,H,,,3.0,0.0,2.0,3.0,0.0,2.0,10.0,8.0,39.0,48.0,2.0,9.0,0.0,0.0,1.0,1.0,0.25,26.75,37.5,-10.75,38.75,36.75,2.0
27,2026/02/21,Man City,Newcastle,27,30,H,,,2.0,0.0,3.0,1.0,0.0,4.0,5.0,18.0,52.0,19.0,13.0,33.0,1.0,0.0,0.0,3.0,2.75,61.5,26.5,35.0,42.0,36.5,5.5
27,2026/02/21,Nott'm Forest,Liverpool,32,25,A,,,2.0,0.0,3.0,5.0,0.0,0.0,14.0,6.0,28.0,51.0,8.0,23.0,0.0,0.0,1.0,0.6666666666666666,1.0,33.0,43.0,-10.0,61.25,24.5,36.75
27,2026/02/21,Sunderland,Fulham,40,19,H,,,1.0,0.0,4.0,1.0,0.0,4.0,13.0,16.0,31.0,21.0,3.0,10.0,1.0,0.0,0.0,0.0,0.0,0.0,0.0,0.0,39.0,38.33,0.67
27,2026/02/21,Tottenham,Arsenal,42,0,A,,,4.0,0.0,1.0,5.0,0.0,0.0,4.0,1.0,54.0,65.0,3.0,11.0,1.0,0.0,0.0,1.25,1.25,48.0,36.75,11.25,54.75,24.5,30.25
27,2026/02/21,West Ham,Bournemouth,45,7,H,,,3.0,0.0,2.0,1.0,0.0,4.0,12.0,15.0,32.0,26.0,3.0,6.0,0.0,1.0,0.0,1.6666666666666667,2.0,36.25,40.5,-4.25,35.0,43.33,-8.33
28,2026/02/28,Bournemouth,Sunderland,7,40,H,,,1.0,0.0,4.0,2.0,0.0,3.0,15.0,13.0,26.0,34.0,2.0,8.0,1.0,0.0,0.0,0.0,0.0,37.67,46.67,-9.0,0.0,0.0,0.0
28,2026/02/28,Arsenal,Chelsea,0,14,H,,,5.0,0.0,0.0,4.0,0.0,1.0,1.0,2.0,68.0,62.0,1.0,6.0,1.0,0.0,0.0,2.25,2.0,57.25,25.75,31.5,46.25,32.0,14.25
28,2026/02/28,Brighton,Nott'm Forest,10,32,H,,,4.0,0.0,1.0,2.0,0.0,3.0,8.0,14.0,49.0,28.0,6.0,21.0,1.0,0.0,0.0,1.0,1.3333333333333333,42.0,36.75,5.25,33.67,44.0,-10.33
28,2026/02/28,Burnley,Brentford,11,9,A,,,0.0,0.0,5.0,2.0,0.0,3.0,17.0,11.0,20.0,37.0,6.0,17.0,1.0,0.0,0.0,2.5,0.0,24.5,49.0,-24.5,40.25,43.75,-3.5
28,2026/02/28,Fulham,Tottenham,19,42,A,,,0.0,0.0,5.0,3.0,0.0,2.0,16.0,6.0,21.0,54.0,10.0,33.0,1.0,0.0,0.0,1.6666666666666667,0.6666666666666666,39.67,39.67,0.0,51.5,38.0,13.5
28,2026/02/28,Leeds,Man City,23,27,A,,,0.0,0.0,5.0,3.0,0.0,2.0,19.0,4.0,12.0,55.0,15.0,43.0,1.0,0.0,0.0,0.5,0.5,32.0,54.0,-22.0,62.75,27.25,35.5
28,2026/02/28,Liverpool,West Ham,25,45,H,,,5.0,0.0,0.0,4.0,0.0,1.0,5.0,12.0,54.0,35.0,7.0,19.0,1.0,0.0,0.0,1.75,2.75,62.5,25.0,37.5,36.75,41.5,-4.75
28,2026/02/28,Man United,Crystal Palace,28,16,H,,,2.0,0.0,3.0,4.0,0.0,1.0,9.0,3.0,48.0,62.0,6.0,14.0,1.0,0.0,0.0,0.75,0.25,39.75,38.0,1.75,32.5,39.25,-6.75
28,2026/02/28,Newcastle,Everton,30,18,A,,,0.0,0.0,5.0,4.0,0.0,1.0,18.0,10.0,19.0,42.0,8.0,23.0,1.0,0.0,0.0,1.25,1.0,44.25,38.0,6.25,27.5,40.0,-12.5
28,2026/02/28,Wolves,Aston Villa,48,1,A,,,0.0,0.0,5.0,5.0,0.0,0.0,20.0,7.0,2.0,54.0,13.0,52.0,1.0,0.0,0.0,1.5,1.25,32.5,41.25,-8.75,43.25,40.0,3.25
29,2026/03/04,Bournemouth,Brentford,7,9,H,,,2.0,0.0,3.0,2.0,0.0,3.0,14.0,11.0,29.0,40.0,3.0,11.0,1.0,0.0,0.0,0.6666666666666666,1.3333333333333333,38.67,48.33,-9.67,42.25,45.5,-3.25
29,2026/03/04,Aston Villa,Chelsea,1,14,H,,,5.0,0.0,0.0,4.0,0.0,1.0,7.0,2.0,57.0,62.0,5.0,5.0,1.0,0.0,0.0,1.25,0.75,45.25,41.5,3.75,46.5,32.75,13.75
29,2026/03/04,Brighton,Arsenal,10,0,A,,,4.0,0.0,1.0,5.0,0.0,0.0,8.0,1.0,52.0,71.0,7.0,19.0,1.0,0.0,0.0,0.75,1.5,43.75,39.0,4.75,59.0,26.5,32.5
29,2026/03/04,Everton,Burnley,18,11,H,,,4.0,0.0,1.0,0.0,0.0,5.0,10.0,17.0,45.0,20.0,7.0,25.0,1.0,0.0,0.0,2.0,2.0,28.25,40.75,-12.5,25.5,50.5,-25.0
29,2026/03/04,Fulham,West Ham,19,45,A,,,0.0,0.0,5.0,3.0,0.0,2.0,16.0,12.0,21.0,35.0,4.0,14.0,1.0,0.0,0.0,2.0,1.6666666666666667,41.67,40.33,1.33,38.25,43.5,-5.25
29,2026/03/04,Leeds,Sunderland,23,40,A,,,0.0,0.0,5.0,2.0,0.0,3.0,19.0,13.0,12.0,34.0,6.0,22.0,1.0,0.0,0.0,0.0,0.0,34.5,57.0,-22.5,0.0,0.0,0.0
29,2026/03/04,Man City,Nott'm Forest,27,32,H,,,3.0,0.0,2.0,2.0,0.0,3.0,4.0,15.0,58.0,28.0,11.0,30.0,0.0,0.0,1.0,3.6666666666666665,1.0,64.25,28.0,36.25,36.0,46.0,-10.0
29,2026/03/04,Newcastle,Man United,30,28,A,,,0.0,0.0,5.0,3.0,0.0,2.0,18.0,9.0,19.0,51.0,9.0,32.0,1.0,0.0,0.0,2.0,1.25,47.25,38.75,8.5,41.5,39.0,2.5
29,2026/03/04,Tottenham,Crystal Palace,42,16,H,,,3.0,0.0,2.0,3.0,0.0,2.0,6.0,3.0,57.0,62.0,3.0,5.0,1.0,0.0,0.0,1.75,1.5,52.75,40.25,12.5,33.0,40.75,-7.75
29,2026/03/04,Wolves,Liverpool,48,25,A,,,0.0,0.0,5.0,5.0,0.0,0.0,20.0,5.0,2.0,57.0,15.0,55.0,1.0,0.0,0.0,1.25,0.5,33.5,41.75,-8.25,64.25,26.5,37.75
30,2026/03/14,Arsenal,Everton,0,18,H,,,5.0,0.0,0.0,5.0,0.0,0.0,1.0,10.0,74.0,48.0,9.0,26.0,0.0,0.0,1.0,2.75,0.75,60.25,27.25,33.0,28.5,42.0,-13.5
30,2026/03/14,Brentford,Wolves,9,48,H,,,2.0,0.0,3.0,0.0,0.0,5.0,11.0,20.0,40.0,2.0,9.0,38.0,0.0,0.0,1.0,2.0,1.25,43.25,47.25,-4.0,34.5,43.0,-8.5
30,2026/03/14,Burnley,Bournemouth,11,7,A,,,0.0,0.0,5.0,2.0,0.0,3.0,17.0,14.0,20.0,32.0,3.0,12.0,1.0,0.0,0.0,0.0,1.0,26.5,51.5,-25.0,40.0,49.33,-9.33
30,2026/03/14,Chelsea,Newcastle,14,30,H,,,3.0,0.0,2.0,0.0,0.0,5.0,2.0,18.0,62.0,19.0,16.0,43.0,0.0,0.0,1.0,1.75,1.0,47.25,33.5,13.75,49.25,40.0,9.25
30,2026/03/14,Crystal Palace,Leeds,16,23,H,,,2.0,0.0,3.0,0.0,0.0,5.0,3.0,19.0,62.0,12.0,16.0,50.0,0.0,0.0,1.0,1.0,2.5,34.75,41.5,-6.75,36.5,60.5,-24.0
30,2026/03/14,Liverpool,Tottenham,25,42,H,,,5.0,0.0,0.0,3.0,0.0,2.0,5.0,6.0,60.0,60.0,1.0,0.0,1.0,0.0,0.0,3.5,2.75,65.5,27.25,38.25,54.5,41.25,13.25
30,2026/03/14,Man United,Aston Villa,28,1,H,,,3.0,0.0,2.0,5.0,0.0,0.0,8.0,7.0,54.0,60.0,1.0,6.0,1.0,0.0,0.0,1.5,1.25,42.25,39.5,2.75,47.0,41.75,5.25
30,2026/03/14,Nott'm Forest,Fulham,32,19,H,,,2.0,0.0,3.0,0.0,0.0,5.0,15.0,16.0,28.0,21.0,1.0,7.0,1.0,0.0,0.0,1.6666666666666667,0.3333333333333333,36.67,47.0,-10.33,43.0,42.33,0.67
30,2026/03/14,Sunderland,Brighton,40,10,A,,,2.0,0.0,3.0,3.0,0.0,2.0,13.0,9.0,37.0,52.0,4.0,15.0,1.0,0.0,0.0,0.0,0.0,0.0,0.0,0.0,44.25,40.75,3.5
30,2026/03/14,West Ham,Man City,45,27,D,,,4.0,0.0,1.0,4.0,0.0,1.0,12.0,4.0,38.0,61.0,8.0,23.0,1.0,0.0,0.0,1.0,0.75,39.5,45.5,-6.0,65.75,28.25,37.5
31,2026/03/21,Bournemouth,Man United,7,28,H,,,3.0,0.0,2.0,3.0,0.0,2.0,14.0,8.0,35.0,57.0,6.0,22.0,1.0,0.0,0.0,1.0,2.0,42.0,50.67,-8.67,43.75,40.75,3.0
31,2026/03/21,Aston Villa,West Ham,1,45,H,,,4.0,0.0,1.0,3.0,1.0,1.0,7.0,12.0,60.0,39.0,5.0,21.0,0.0,0.0,1.0,1.5,1.25,48.75,43.5,5.25,41.25,47.0,-5.75
31,2026/03/21,Brighton,Liverpool,10,25,A,,,3.0,0.0,2.0,5.0,0.0,0.0,9.0,4.0,55.0,63.0,5.0,8.0,1.0,0.0,0.0,2.0,1.75,45.0,41.5,3.5,68.75,28.5,40.25
31,2026/03/21,Everton,Chelsea,18,14,H,,,4.0,0.0,1.0,3.0,0.0,2.0,10.0,2.0,48.0,65.0,8.0,17.0,1.0,0.0,0.0,0.75,0.75,30.0,44.5,-14.5,48.75,35.75,13.0
31,2026/03/21,Fulham,Burnley,19,11,H,,,0.0,0.0,5.0,0.0,0.0,5.0,16.0,17.0,21.0,20.0,1.0,1.0,0.0,1.0,0.0,0.0,2.0,45.33,44.33,1.0,28.5,54.0,-25.5
31,2026/03/21,Leeds,Brentford,23,9,A,,,0.0,0.0,5.0,2.0,0.0,3.0,19.0,11.0,12.0,43.0,8.0,31.0,1.0,0.0,0.0,1.0,2.0,37.5,64.0,-26.5,44.25,48.0,-3.75
31,2026/03/21,Man City,Crystal Palace,27,16,H,,,4.0,1.0,0.0,3.0,0.0,2.0,5.0,3.0,62.0,65.0,2.0,3.0,1.0,0.0,0.0,2.75,1.75,68.0,28.75,39.25,36.5,42.0,-5.5
31,2026/03/21,Newcastle,Sunderland,30,40,A,,,0.0,0.0,5.0,2.0,0.0,3.0,18.0,13.0,19.0,37.0,5.0,18.0,1.0,0.0,0.0,0.0,0.0,50.5,42.25,8.25,0.0,0.0,0.0
31,2026/03/21,Tottenham,Nott'm Forest,42,32,H,,,3.0,0.0,2.0,2.0,0.0,3.0,6.0,15.0,60.0,31.0,9.0,29.0,0.0,0.0,1.0,2.3333333333333335,1.3333333333333333,57.25,42.75,14.5,38.0,48.67,-10.67
31,2026/03/21,Wolves,Arsenal,48,0,A,,,0.0,0.0,5.0,5.0,0.0,0.0,20.0,1.0,2.0,77.0,19.0,75.0,1.0,0.0,0.0,0.0,0.5,36.25,43.75,-7.5,61.5,28.75,32.75
32,2026/04/11,Arsenal,Bournemouth,0,7,H,,,5.0,0.0,0.0,4.0,0.0,1.0,1.0,14.0,80.0,38.0,13.0,42.0,0.0,0.0,1.0,2.3333333333333335,2.3333333333333335,63.5,30.25,33.25,42.67,52.67,-10.0
32,2026/04/11,Brentford,Everton,9,18,H,,,3.0,0.0,2.0,4.0,0.0,1.0,11.0,10.0,46.0,51.0,1.0,5.0,1.0,0.0,0.0,1.0,0.75,46.0,49.25,-3.25,30.75,44.5,-13.75
32,2026/04/11,Burnley,Brighton,11,10,A,,,0.0,0.0,5.0,3.0,0.0,2.0,17.0,9.0,20.0,55.0,8.0,35.0,1.0,0.0,0.0,1.0,2.0,28.5,55.5,-27.0,46.0,43.0,3.0
32,2026/04/11,Chelsea,Man City,14,27,A,,,2.0,0.0,3.0,4.0,1.0,0.0,4.0,3.0,65.0,65.0,1.0,0.0,1.0,0.0,0.0,1.0,0.5,51.25,36.75,14.5,70.75,30.25,40.5
32,2026/04/11,Crystal Palace,Newcastle,16,30,H,,,2.0,0.0,3.0,0.0,0.0,5.0,5.0,18.0,65.0,19.0,13.0,46.0,0.0,0.0,1.0,1.0,0.0,37.75,44.75,-7.0,53.5,42.75,10.75
32,2026/04/11,Liverpool,Fulham,25,19,H,,,5.0,0.0,0.0,1.0,0.0,4.0,2.0,16.0,66.0,24.0,14.0,42.0,0.0,0.0,1.0,2.3333333333333335,2.3333333333333335,71.0,30.25,40.75,46.0,45.33,0.67
32,2026/04/11,Man United,Leeds,28,23,H,,,3.0,0.0,2.0,0.0,0.0,5.0,8.0,19.0,57.0,12.0,11.0,45.0,0.0,0.0,1.0,3.5,3.0,44.5,42.5,2.0,39.5,65.0,-25.5
32,2026/04/11,Nott'm Forest,Aston Villa,32,1,A,,,1.0,0.0,4.0,4.0,0.0,1.0,15.0,7.0,31.0,63.0,8.0,32.0,1.0,0.0,0.0,1.6666666666666667,1.0,39.0,51.0,-12.0,50.5,45.5,5.0
32,2026/04/11,Sunderland,Tottenham,40,42,H,,,3.0,0.0,2.0,3.0,0.0,2.0,12.0,6.0,40.0,63.0,6.0,23.0,1.0,0.0,0.0,0.0,0.0,0.0,0.0,0.0,59.75,45.5,14.25
32,2026/04/11,West Ham,Wolves,45,48,H,,,2.0,1.0,2.0,0.0,0.0,5.0,13.0,20.0,39.0,2.0,7.0,37.0,0.0,0.0,1.0,2.0,0.5,43.0,48.25,-5.25,37.75,45.5,-7.75
33,2026/04/18,Aston Villa,Sunderland,1,40,H,,,4.0,0.0,1.0,3.0,0.0,2.0,5.0,12.0,66.0,43.0,7.0,23.0,0.0,1.0,0.0,0.0,0.0,52.25,45.75,6.5,0.0,0.0,0.0
33,2026/04/18,Brentford,Fulham,9,19,H,,,4.0,0.0,1.0,1.0,0.0,4.0,11.0,16.0,49.0,24.0,5.0,25.0,1.0,0.0,0.0,1.6666666666666667,2.0,48.5,50.0,-1.5,47.0,46.33,0.67
33,2026/04/18,Chelsea,Man United,14,28,H,,,1.0,0.0,4.0,4.0,0.0,1.0,6.0,8.0,65.0,60.0,2.0,5.0,1.0,0.0,0.0,1.75,1.0,53.75,38.5,15.25,46.25,45.25,1.0
33,2026/04/18,Crystal Palace,West Ham,16,45,H,,,2.0,0.0,3.0,2.0,1.0,2.0,4.0,13.0,68.0,42.0,9.0,26.0,0.0,0.0,1.0,2.75,1.75,38.0,45.5,-7.5,43.75,49.75,-6.0
33,2026/04/18,Everton,Liverpool,18,25,A,,,3.0,0.0,2.0,5.0,0.0,0.0,10.0,2.0,51.0,69.0,8.0,18.0,1.0,0.0,0.0,1.25,0.0,31.25,47.75,-16.5,72.75,30.75,42.0
33,2026/04/18,Leeds,Wolves,23,48,A,,,0.0,0.0,5.0,0.0,0.0,5.0,19.0,20.0,12.0,2.0,1.0,10.0,0.0,0.0,1.0,1.5,3.5,40.0,65.5,-25.5,39.0,46.0,-7.0
33,2026/04/18,Man City,Arsenal,27,0,D,,,4.0,1.0,0.0,5.0,0.0,0.0,3.0,1.0,68.0,83.0,2.0,15.0,0.0,1.0,0.0,2.75,1.5,74.25,30.75,43.5,65.75,32.5,33.25
33,2026/04/18,Newcastle,Bournemouth,30,7,A,,,0.0,0.0,5.0,4.0,0.0,1.0,18.0,14.0,19.0,38.0,4.0,19.0,0.0,1.0,0.0,1.3333333333333333,0.6666666666666666,56.5,44.25,12.25,43.67,53.33,-9.67
33,2026/04/18,Nott'm Forest,Burnley,32,11,H,,,1.0,0.0,4.0,0.0,0.0,5.0,15.0,17.0,31.0,20.0,2.0,11.0,0.0,1.0,0.0,1.0,2.0,41.33,52.33,-11.0,30.5,56.5,-26.0
33,2026/04/18,Tottenham,Brighton,42,10,H,,,3.0,0.0,2.0,3.0,0.0,2.0,7.0,9.0,63.0,58.0,2.0,5.0,0.0,1.0,0.0,1.25,1.75,60.5,47.75,12.75,47.25,45.75,1.5
34,2026/04/25,Bournemouth,Leeds,7,23,H,,,4.0,0.0,1.0,0.0,0.0,5.0,14.0,19.0,41.0,12.0,5.0,29.0,0.0,1.0,0.0,4.0,3.0,46.0,55.0,-9.0,40.5,67.5,-27.0
34,2026/04/25,Arsenal,Newcastle,0,30,H,,,4.0,1.0,0.0,0.0,0.0,5.0,1.0,18.0,84.0,19.0,17.0,65.0,0.0,0.0,1.0,1.75,0.5,69.5,33.5,36.0,58.75,45.0,13.75
34,2026/04/25,Brighton,Chelsea,10,14,H,,,2.0,0.0,3.0,2.0,0.0,3.0,9.0,6.0,58.0,68.0,3.0,10.0,0.0,0.0,1.0,2.25,1.75,50.25,47.75,2.5,54.75,40.75,14.0
34,2026/04/25,Burnley,Man City,11,27,A,,,0.0,0.0,5.0,3.0,2.0,0.0,17.0,4.0,20.0,69.0,13.0,49.0,1.0,0.0,0.0,0.0,0.5,33.0,57.0,-24.0,78.25,31.5,46.75
34,2026/04/25,Fulham,Aston Villa,19,1,A,,,1.0,0.0,4.0,4.0,0.0,1.0,16.0,5.0,24.0,69.0,11.0,45.0,1.0,0.0,0.0,1.6666666666666667,0.3333333333333333,48.33,48.67,-0.33,53.25,46.75,6.5
34,2026/04/25,Liverpool,Crystal Palace,25,16,H,,,5.0,0.0,0.0,3.0,0.0,2.0,2.0,3.0,72.0,71.0,1.0,1.0,1.0,0.0,0.0,1.25,1.5,76.5,32.5,44.0,41.25,47.25,-6.0
34,2026/04/25,Man United,Brentford,28,9,H,,,3.0,0.0,2.0,4.0,0.0,1.0,8.0,10.0,60.0,52.0,2.0,8.0,1.0,0.0,0.0,2.0,1.75,48.25,47.25,1.0,50.75,50.5,0.25
34,2026/04/25,Sunderland,Nott'm Forest,40,32,H,,,3.0,0.0,2.0,2.0,0.0,3.0,12.0,15.0,43.0,34.0,3.0,9.0,0.0,0.0,1.0,0.0,0.0,0.0,0.0,0.0,41.67,54.33,-12.67
34,2026/04/25,West Ham,Everton,45,18,H,,,2.0,1.0,2.0,2.0,0.0,3.0,13.0,11.0,42.0,51.0,2.0,9.0,0.0,1.0,0.0,1.0,1.25,45.5,53.75,-8.25,32.75,49.0,-16.25
34,2026/04/25,Wolves,Tottenham,48,42,A,,,1.0,0.0,4.0,3.0,0.0,2.0,20.0,7.0,5.0,66.0,13.0,61.0,0.0,1.0,0.0,1.75,1.5,39.75,48.5,-8.75,61.5,50.0,11.5
35,2026/05/02,Bournemouth,Crystal Palace,7,16,H,,,4.0,0.0,1.0,3.0,0.0,2.0,14.0,5.0,44.0,71.0,9.0,27.0,0.0,1.0,0.0,0.3333333333333333,0.6666666666666666,48.0,56.33,-8.33,42.25,48.25,-6.0
35,2026/05/02,Arsenal,Fulham,0,19,H,,,4.0,1.0,0.0,1.0,0.0,4.0,1.0,16.0,87.0,24.0,15.0,63.0,0.0,0.0,1.0,2.0,1.6666666666666667,71.5,34.75,36.75,50.33,50.33,0.0
35,2026/05/02,Aston Villa,Tottenham,1,42,H,,,4.0,0.0,1.0,3.0,0.0,2.0,4.0,6.0,72.0,69.0,2.0,3.0,0.0,0.0,1.0,1.0,1.5,54.5,47.5,7.0,63.25,51.75,11.5
35,2026/05/02,Brentford,West Ham,9,45,H,,,4.0,0.0,1.0,2.0,1.0,2.0,10.0,13.0,52.0,45.0,3.0,7.0,0.0,0.0,1.0,2.0,1.75,51.75,52.5,-0.75,46.75,55.0,-8.25
35,2026/05/02,Chelsea,Nott'm Forest,14,32,H,,,2.0,0.0,3.0,2.0,0.0,3.0,7.0,15.0,68.0,34.0,8.0,34.0,0.0,0.0,1.0,1.0,1.6666666666666667,57.25,42.0,15.25,43.33,56.33,-13.0
35,2026/05/02,Everton,Man City,18,27,A,,,1.0,0.0,4.0,3.0,2.0,0.0,11.0,3.0,51.0,72.0,8.0,21.0,1.0,0.0,0.0,0.25,0.5,35.0,49.75,-14.75,80.5,31.75,48.75
35,2026/05/02,Leeds,Burnley,23,11,A,,,0.0,0.0,5.0,0.0,0.0,5.0,19.0,17.0,12.0,20.0,2.0,8.0,1.0,0.0,0.0,3.0,1.0,41.0,70.5,-29.5,34.5,58.0,-23.5
35,2026/05/02,Man United,Liverpool,28,25,A,,,3.0,0.0,2.0,5.0,0.0,0.0,8.0,2.0,63.0,75.0,6.0,12.0,0.0,0.0,1.0,1.0,0.5,50.0,48.75,1.25,77.75,33.75,44.0
35,2026/05/02,Newcastle,Brighton,30,10,A,,,0.0,0.0,5.0,3.0,0.0,2.0,18.0,9.0,19.0,61.0,9.0,42.0,1.0,0.0,0.0,1.75,0.75,60.25,46.25,14.0,51.5,50.0,1.5
35,2026/05/02,Wolves,Sunderland,48,40,A,,,1.0,0.0,4.0,3.0,0.0,2.0,20.0,12.0,5.0,46.0,8.0,41.0,1.0,0.0,0.0,0.0,0.0,40.5,49.75,-9.25,0.0,0.0,0.0
36,2026/05/09,Brighton,Wolves,10,48,H,,,3.0,0.0,2.0,1.0,0.0,4.0,8.0,20.0,64.0,5.0,12.0,59.0,0.0,1.0,0.0,2.0,3.0,54.25,51.0,3.25,41.5,53.75,-12.25
36,2026/05/09,Burnley,Aston Villa,11,1,A,,,1.0,0.0,4.0,5.0,0.0,0.0,17.0,4.0,23.0,75.0,13.0,52.0,1.0,0.0,0.0,1.0,1.5,35.5,61.5,-26.0,56.25,48.75,7.5
36,2026/05/09,Crystal Palace,Everton,16,18,H,,,2.0,0.0,3.0,1.0,0.0,4.0,6.0,11.0,71.0,51.0,5.0,20.0,1.0,0.0,0.0,1.5,1.0,44.5,48.25,-3.75,36.5,51.25,-14.75
36,2026/05/09,Fulham,Bournemouth,19,7,A,,,1.0,0.0,4.0,4.0,0.0,1.0,16.0,13.0,24.0,47.0,3.0,23.0,1.0,0.0,0.0,2.3333333333333335,0.3333333333333333,51.33,51.33,0.0,48.0,58.33,-10.33
36,2026/05/09,Liverpool,Chelsea,25,14,H,,,5.0,0.0,0.0,2.0,0.0,3.0,2.0,5.0,78.0,71.0,3.0,7.0,1.0,0.0,0.0,1.75,1.0,80.75,35.25,45.5,60.25,43.5,16.75
36,2026/05/09,Man City,Brentford,27,9,H,,,4.0,1.0,0.0,4.0,0.0,1.0,3.0,10.0,75.0,55.0,7.0,20.0,0.0,0.0,1.0,1.5,1.5,85.0,32.25,52.75,53.25,52.5,0.75
36,2026/05/09,Nott'm Forest,Newcastle,32,30,H,,,1.0,0.0,4.0,0.0,0.0,5.0,15.0,18.0,34.0,19.0,3.0,15.0,1.0,0.0,0.0,1.3333333333333333,2.0,45.67,58.0,-12.33,63.25,48.5,14.75
36,2026/05/09,Sunderland,Man United,40,28,H,,,4.0,0.0,1.0,2.0,0.0,3.0,12.0,9.0,49.0,63.0,3.0,14.0,1.0,0.0,0.0,0.0,0.0,0.0,0.0,0.0,50.5,51.25,-0.75
36,2026/05/09,Tottenham,Leeds,42,23,H,,,3.0,0.0,2.0,0.0,0.0,5.0,7.0,19.0,69.0,12.0,12.0,57.0,0.0,0.0,1.0,3.0,4.0,65.0,54.0,11.0,42.5,74.0,-31.5
36,2026/05/09,West Ham,Arsenal,45,0,A,,,2.0,0.0,3.0,4.0,1.0,0.0,14.0,1.0,45.0,90.0,13.0,45.0,1.0,0.0,0.0,1.25,1.0,48.25,56.75,-8.5,73.25,37.0,36.25
37,2026/05/17,Bournemouth,Man City,7,27,A,,,4.0,0.0,1.0,4.0,1.0,0.0,13.0,3.0,50.0,78.0,10.0,28.0,1.0,0.0,0.0,1.0,0.6666666666666666,48.67,60.33,-11.67,88.25,33.25,55.0
37,2026/05/17,Arsenal,Burnley,0,11,H,,,4.0,1.0,0.0,1.0,0.0,4.0,1.0,17.0,93.0,23.0,16.0,70.0,0.0,0.0,1.0,1.5,3.0,73.75,37.75,36.0,36.5,63.5,-27.0
37,2026/05/17,Aston Villa,Liverpool,1,25,H,,,5.0,0.0,0.0,5.0,0.0,0.0,4.0,2.0,78.0,81.0,2.0,3.0,1.0,0.0,0.0,1.75,0.25,58.25,50.25,8.0,82.75,37.25,45.5
37,2026/05/17,Brentford,Crystal Palace,9,16,H,,,3.0,0.0,2.0,3.0,0.0,2.0,10.0,5.0,55.0,74.0,5.0,19.0,1.0,0.0,0.0,1.0,1.0,55.75,54.25,1.5,47.5,50.5,-3.0
37,2026/05/17,Chelsea,Tottenham,14,42,H,,,2.0,0.0,3.0,3.0,0.0,2.0,7.0,6.0,71.0,72.0,1.0,1.0,0.0,0.0,1.0,1.75,2.75,62.25,45.75,16.5,66.0,56.0,10.0
37,2026/05/17,Everton,Sunderland,18,40,A,,,0.0,0.0,5.0,4.0,0.0,1.0,12.0,11.0,51.0,52.0,1.0,1.0,0.0,1.0,0.0,0.0,0.0,38.75,52.75,-14.0,0.0,0.0,0.0
37,2026/05/17,Leeds,Brighton,23,10,A,,,0.0,0.0,5.0,4.0,0.0,1.0,19.0,8.0,12.0,67.0,11.0,55.0,1.0,0.0,0.0,1.5,0.0,43.5,76.0,-32.5,56.75,53.0,3.75
37,2026/05/17,Man United,Nott'm Forest,28,32,H,,,2.0,0.0,3.0,2.0,0.0,3.0,9.0,15.0,63.0,37.0,6.0,26.0,0.0,1.0,0.0,2.6666666666666665,1.0,52.5,52.5,0.0,47.33,59.33,-12.0
37,2026/05/17,Newcastle,West Ham,30,45,A,,,0.0,0.0,5.0,2.0,0.0,3.0,18.0,14.0,19.0,45.0,4.0,26.0,1.0,0.0,0.0,1.75,2.25,64.5,49.75,14.75,50.5,58.25,-7.75
37,2026/05/17,Wolves,Fulham,48,19,A,,,1.0,0.0,4.0,0.0,0.0,5.0,20.0,16.0,5.0,24.0,4.0,19.0,1.0,0.0,0.0,1.0,2.3333333333333335,42.75,56.0,-13.25,53.0,54.0,-1.0
38,2026/05/24,Brighton,Man United,10,28,H,,,4.0,0.0,1.0,2.0,0.0,3.0,8.0,9.0,70.0,66.0,1.0,4.0,1.0,0.0,0.0,1.75,2.0,58.75,54.5,4.25,54.0,53.0,1.0
38,2026/05/24,Burnley,Wolves,11,48,H,,,1.0,0.0,4.0,1.0,0.0,4.0,17.0,20.0,23.0,5.0,3.0,18.0,0.0,0.0,1.0,1.0,0.0,37.5,65.5,-28.0,43.25,58.75,-15.5
38,2026/05/24,Crystal Palace,Arsenal,16,0,A,,,2.0,0.0,3.0,4.0,1.0,0.0,6.0,1.0,74.0,96.0,5.0,22.0,1.0,0.0,0.0,1.0,1.25,49.5,51.0,-1.5,77.25,38.5,38.75
38,2026/05/24,Fulham,Newcastle,19,30,H,,,1.0,0.0,4.0,0.0,0.0,5.0,16.0,18.0,27.0,19.0,2.0,8.0,1.0,0.0,0.0,1.3333333333333333,0.6666666666666666,54.67,56.0,-1.33,66.25,51.0,15.25
38,2026/05/24,Liverpool,Brentford,25,9,H,,,4.0,0.0,1.0,3.0,0.0,2.0,3.0,10.0,81.0,58.0,7.0,23.0,1.0,0.0,0.0,2.25,2.5,85.25,38.75,46.5,57.0,56.0,1.0
38,2026/05/24,Man City,Aston Villa,27,1,H,,,4.0,1.0,0.0,5.0,0.0,0.0,2.0,4.0,81.0,81.0,2.0,0.0,1.0,0.0,0.0,3.0,1.0,90.25,34.25,56.0,59.25,53.0,6.25
38,2026/05/24,Nott'm Forest,Bournemouth,32,7,A,,,2.0,0.0,3.0,4.0,0.0,1.0,15.0,13.0,37.0,50.0,2.0,13.0,0.0,1.0,0.0,1.6666666666666667,0.6666666666666666,48.33,60.33,-12.0,49.67,61.33,-11.67
38,2026/05/24,Sunderland,Chelsea,40,14,H,,,4.0,0.0,1.0,3.0,0.0,2.0,11.0,5.0,55.0,74.0,6.0,19.0,0.0,0.0,1.0,0.0,0.0,0.0,0.0,0.0,63.75,46.5,17.25
38,2026/05/24,Tottenham,Everton,42,18,H,,,3.0,0.0,2.0,0.0,0.0,5.0,7.0,12.0,72.0,51.0,5.0,21.0,0.0,0.0,1.0,3.25,1.25,69.25,57.25,12.0,39.75,54.5,-14.75
38,2026/05/24,West Ham,Leeds,45,23,H,,,2.0,0.0,3.0,0.0,0.0,5.0,14.0,19.0,48.0,12.0,5.0,36.0,1.0,0.0,0.0,2.5,2.0,52.0,60.5,-8.5,45.0,78.5,-33.5
